course_id,course_title,course_description,subdomain_id
KCA0038,FUNDAMENTALS OF ENTERPRISE ARCHITECTURE,"Fundamentals of Enterprise Architecture"" covers the essential principles for designing and managing complex organizational structures to improve efficiency and strategic alignment.",1
KCA0044,PEMBANGUNAN PELAN STRATEGIK PENDIGITALAN (PSP),focuses on developing strategic plans for digital transformation to enhance organizational effectiveness and competitiveness.,1
KCA0054,CLOUD COMPUTING,"Gain foundational knowledge of cloud computing, covering core services, deployment models, and cloud architecture best practices for businesses",1
KCA0051,IT CHANGE MANAGEMENT FOUNDATIONS,IT Change Management Foundations covers the fundamental principles and practices for effectively managing changes in IT systems to ensure minimal disruption and optimal performance.,1
KCA0083,REFRESHER DGCCR CERTIFIED TRAINERS,ICT,1
KCB0020,DGCCR CERTIFIED TRAINERS,ICT,1
KCB0019,ARCHIMATE 3 FOUNDATION,"Learn the fundamentals of the ArchiMate 3.0 modeling language to support enterprise architecture, covering key concepts, relationships, and viewpoints essential for modeling business, application, and technology layers effectively",1
KCA0119,BAHASA PEMODELAN ENTERPRISE ARCHITECTURE,"Learn the fundamentals of modeling languages in Enterprise Architecture, including concepts, symbols, and techniques for mapping organizational structures and processes in a holistic and integrated manner",1
KCA0127,BENGKEL SEMAKAN DAN REVIU PENCAPAIAN SASARAN KERJA TAHUNAN IMATEC,"A workshop focused on reviewing and evaluating the achievement of annual work targets within IMATEC, offering insights into performance assessment, target-setting, and strategies for continuous improvement in meeting organizational objectives.",1
KCA0007,ANALYZING AND VISUALIZING DATA USING EXCEL,"Master the skills to analyze, interpret, and visualize data using Excel’s powerful features, including advanced functions, PivotTables, and data visualization tools to make data-driven decisions.",2
KCA0009,MICROSOFT VISIO 2016,"Learn to create professional diagrams, flowcharts, and organizational charts using Microsoft Visio 2016, covering key features like shapes, stencils, and data linking for effective visual communication and process mapping",2
WZA0051,BLOCKCHAIN AWARENESS PROGRAM - 101,"An introductory course that provides a fundamental understanding of blockchain technology, its core concepts, applications, and potential impact across various industries, aimed at building foundational knowledge for beginners.",2
WZA0032,MAXIMIZING POWERPIVOT DATA ANALYSIS,"Unlock the full potential of PowerPivot in Excel to manage and analyze large datasets, create complex data models, and generate powerful insights with advanced calculations, relationships, and interactive reports.",2
TZA0028,INFOGRAPHICS USING POWERPOINT,ICT,2
TZA0029,MICROSOFT OFFICE 2016 TIPS & TRICKS,ICT,2
TZA0040,PERSEMBAHAN SLAID EFEKTIF DAN PERSEMBAHAN BERIMPAK TINGGI,ICT,2
KCA0020,POWER BI ESSENTIALS,ICT,2
WZA0044,"ADOBE PHOTOSHOP CS4, CS5, CS6 & CC (BASIC – ADVANCED)",ICT,2
WZA0053,MODULE 20779A ANALYZING DATA WITH EXCEL,ICT,2
WZA0052,INSIGHTS TO BIG DATA,ICT,2
KCA0039,DASHBOARD REPORTING,ICT,2
KCA0034,MICROSOFT AZURE FUNDAMENTALS,ICT,2
KCA0028,DATA SCIENCE FUNDAMENTALS,ICT,2
KCA0027,EXCEL AND POWERPOINT PRODUCTIVITY HACKS FOR PRESENTER,ICT,2
KCA0046,DATA SCIENCE FOR BIG DATA ANALYTICS,ICT,2
KCA0053,MICROSOFT AZURE AI FUNDAMENTALS,ICT,2
WZA0046,"ADOBE ILLUSTRATOR CS4, CS5, CS6 & CC (BASIC – ADVANCED)",ICT,2
KA0001,ASAS PENGGUNAAN SISTEM PENGURUSAN ADUAN AWAM (SISPAA),ICT,2
KCA0057,MACHINE LEARNING FOR DATA SCIENCE,ICT,2
KCE1001,MODUL DPA KERAJAAN DIGITAL,ICT,2
UZA0040,DATA SCIENCE SERIES ANALYSING AND IMAGINING DATA USING EXCEL,ICT,2
KCB0008,"MICROSOFT EXCEL 2016 STEP BY STEP (INTRO, INTERMEDIATE & ADVANCED) + MOS EXAM",ICT,2
SZA0007,ANALYZING DATA WITH EXCEL,ICT,2
BZA0019,DIGITAL MARKETING WORKSHOP,ICT,2
UZA0037,PLAYWORKS - EXCEL FUN FORMULAS,ICT,2
KCA0065,PEMBANGUNAN BAHAN MENGGUNAKAN PERISIAN ISPRING,ICT,2
KCB0012,BENGKEL INTRODUCTION TO PYTHON FOR MACHINE LEARNING & COMPUTER VISION,ICT,2
KCA0077,BENGKEL PEMBANGUNAN MODUL LATIHAN IR4.0,ICT,2
KCA0079,EXPLORING DATA ANALYTICS WITH SPEEDMINER,ICT,2
KCA0084,BIG DATA ANALYTICS USING SPEEDMINER (FUNDAMENTALS),ICT,2
WZA0064,INSIGHT TO DIGITAL MARKETING,ICT,2
TZA0047,ADOBE PREMIER,ICT,2
TZA0046,EXCEL AND POWERPOINT PRODUCTIVITY HACKS FOR PRESENTER,ICT,2
KCA0089,BENGKEL PEMBUDAYAAN DTIMS,ICT,2
DDA0014,MYSPA,ICT,2
KCA0094,TRAIN OF TRAINER BIG DATA ANALYTICS ESSENTIALS,ICT,2
KCA0102,LATIHAN PENGGUNA SISTEM FASILITI,ICT,2
PDA0002,PROGRAM SHARING HRMIS APPLICATION KNOWLEDGE & EXPERIENCE (SHARE) – ASSIST,ICT,2
PDA0001,PROGRAM SHARING HRMIS APPLICATION KNOWLEDGE & EXPERIENCE (SHARE) – HRMIS,ICT,2
CCA0048,KOMUNIKASI BERKESAN ZON UTARA,ICT,2
CCA0036,PENINGKATAN KEMAHIRAN PENGGUNAAN VIDEO LIVE STREAMING,ICT,2
CCA0033,PEMANTAPAN INFOGRAFIK,ICT,2
AAA0026,BENGKEL PENYELARASAN PELAKSANAAN DTIMS BAGI PENGURUSAN TEKNIKAL PERTANIAN (UPSKILLING) JABATAN PERTANIAN,ICT,2
PDA0003,PROGRAM SHARING HRMIS APPLICATION KNOWLEDGE & EXPERIENCE (SHARE) – ASSIST (INSTALASI PERISIAN TARGIT 2021),ICT,2
BZA0060,"ADVANCE PRESENTATION GOOGLE SLIDE, VISME, PREZI & SOZI",ICT,2
CCA0053,PENGHASILAN INFOGRAFIK HEBAHAN JABATAN PERTANIAN,ICT,2
KCA0137,BENGKEL PEMBUDAYAAN INDUSTRIAL REVOLUTION (IR) 4.0,ICT,2
DDA0073,KEMAHIRAN GOOGLE WORKSPACE DALAM PENGURUSAN MAKLUMAT,ICT,2
KCA0016,PENGURUSAN PROJEK ICT,ICT,3
KCA0024,AGILE ESSENTIALS,ICT,3
KCA0032,AGILE PROJECT MANAGEMENT FOUNDATION,ICT,3
KCA0042,IR4.0 - IT SYSTEM INTEGRATION,ICT,3
KCA0066,COMPTIA PROJECT +,ICT,3
KCB0016,BENGKEL PENGUMPULAN KEPERLUAN SISTEM ILMS,ICT,3
DDA0019,"ADVANCE PRESENTATION GOOGLE SLIDE, VISME,PREZI & SOZI",ICT,3
KCA0098,BENGKEL TADBIR URUS DAN PERANCANGAN PELAKSANAAN 2023 BAGI PROJEK PEMBANGUNAN KOMPETENSI KERAJAAN DIGITAL (DGCD),ICT,3
KCA0114,PENGENALAN PENGURUSAN PROJEK DAN TADBIR URUS ICT,ICT,3
KCA0112,LATIHAN PEMBANGUNAN BAHAN,ICT,3
BZA0070,GOOGLE DASHBOARD,ICT,3
KCA0004,BENGKEL PENGUMPULAN KEPERLUAN BAGI SISTEM APLIKASI,ICT,4
KCA0001,BENGKEL ASAS KEJURUTERAAN KEPERLUAN SISTEM,ICT,4
KCA0002,BENGKEL PENGUJIAN DARI SPESIFIKASI KEPERLUAN SISTEM KEPADA PENGUJIAN SISTEM,ICT,4
KCA0008,USER REQUIREMENTS SPECIFICATION (URS) KEJURUTERAAN SISTEM APLIKASI SEKTOR AWAM (KRISA),ICT,4
KCA0010,PEMBANGUNAN MOBILE APP FLUTTER,ICT,4
KCB0002,CERTIFIED TESTER FOUNDATION LEVEL (CTFL),ICT,4
KCA0015,MICROSOFT OFFICE 2019 TIPS AND TRICKS,ICT,4
TZA0024,ADOBE INDESIGN CC (BASIC – ADVANCED),ICT,4
KCA0019,DATABASE FUNDAMENTALS,ICT,4
KCA0025,PLAYWORKS EXCEL FUN FORMULAS,ICT,4
KCA0058,PENGENALAN KEPADA PEMBANGUNAN BAHAN E-PEMBELAJARAN SEKTOR AWAM (EPSA),ICT,4
KCA0040,PENGENALAN ANALISIS DAN REKABENTUK SISTEM MENGGUNAKAN OBJECT ORIENTED APPROACH,ICT,4
KCA0061,LARAVEL - INTERMEDIATE,ICT,4
KCA0062,ROBOTIC PROCESS AUTOMATION (RPA) - UIPATH,ICT,4
KCA0043,INTRODUCTION TO PROGRAMMING USING PYTHON,ICT,4
KCB0003,CERTIFIED TESTER ADVANCED LEVEL (CTAL),ICT,4
KCA0063,PEMBANGUNAN LAMAN WEB BERKESAN SIRI 1 - PEMBANGUNAN LAMAN WEB MENGGUNAKAN JOOMLA,ICT,4
KCA0064,PEMBANGUNAN LAMAN WEB BERKESAN SIRI 2 - JOOMLA ADVANCE MENGGUNAKAN JOMSHAPER & SP PAGE BUILDER,ICT,4
KCA0045,AGILE DEVELOPER,ICT,4
KCA0047,PEMBANGUNAN LAMAN WEB JOOMLA,ICT,4
KCB0011,CERTIFIED PROFESSIONAL FOR REQUIREMENTS ENGINEERING (CPRE),ICT,4
KCA0069,"PHP, MYSQL DAN LARAVEL",ICT,4
KCA0070,PENGENALAN LOW CODE PLATFORM JOGETDX,ICT,4
KCA0072,BENGKEL PENGUMPULAN KEPERLUAN SISTEM PENEMPAHAN INTAN,ICT,4
KCA0073,BENGKEL PENGUMPULAN KEPERLUAN SISTEM PEPERIKSAAN DALAM TALIAN INTAN,ICT,4
KCA0074,BENGKEL PENGUMPULAN KEPERLUAN APPLICATION SYSTEM FOR DIGITAL COMPETENCY MONITORING (ASDCM),ICT,4
KCA0080,RBCTS MOBILE APPS FLUTTER,ICT,4
KCA0090,TEKNIKAL UIPATH ROBOTIC PROCESS AUTOMATION (RPA),ICT,4
KCA0093,TRAIN OF TRAINER ROBOTIC PROCESS AUTOMATION (RPA) - UIPATH,ICT,4
KCB0022,ASAS PENGATURCARAAN PHP LARAVEL FRAMEWORK,ICT,4
SZA0051,ASAS PENGATURCARAAN PHP LARAVEL FRAMEWORK,ICT,4
KCA0110,ASAS LOW CODE SCRIPTCASE,ICT,4
KCA0111,LATIHAN PENGGUNA SISTEM PENILAIAN INTAN,ICT,4
KCA0116,PERTENGAHAN ROBOTIC PROCESS AUTOMATION (RPA),ICT,4
KCA0118,"KEJURUTERAAN SISTEM APLIKASI SEKTOR AWAM (KRISA)- FASA REKABENTUK, PEMBANGUNAN DAN PELAKSANAAN SISTEM",ICT,4
KCA0088,KEJURUTERAAN SISTEM APLIKASI SEKTOR AWAM (KRISA) PENGUJIAN SISTEM,ICT,4
KCB0030,PENSIJILAN TAHAP ASAS ROBOTIC PROCESS AUTOMATION (RPA),ICT,4
KCA0117,TRAIN OF TRAINER ROBOTIC PROCESS AUTOMATION (TAHAP PERTENGAHAN),ICT,4
KCB0031,PENSIJILAN TAHAP PERTENGAHAN ROBOTIC PROCESS AUTOMATION (RPA),ICT,4
SZA0059,PENGATURCARAAN (ASAS),ICT,4
KCA0132,CHAT GPT,ICT,4
SZA0060,PENGATURCARAAN (PERTENGAHAN),ICT,4
SZA0061,PENGATURCARAAN (LANJUTAN),ICT,4
TZA0027,DATABASE FUNDAMENTALS,ICT,5
BZA0029,MICROSOFT POWER BI ESSENTIALS,ICT,5
BZA0043,"GET CREATIVE MICROSOFT EXCEL 2016 STEP BY STEP (INTRO, INTERMEDIATE & ADVANCED)",ICT,5
KCA0100,PENGGUNAAN PERISIAN NAVICAT,ICT,5
BZA0065,"MICROSOFT EXCEL 2016 STEP BY STEP (INTRO, INTERMEDIATE & ADVANCE)",ICT,5
KCA0103,TRAIN OF TRAINER BLOCKCHAIN (TAHAP ASAS),ICT,5
CCA0035,BIG DATA ANALYTICS FOR PRECISION AGRICULTURE,ICT,5
ISA0012,EXCEL DATA ANALYTIC ( BASIC),ICT,5
KCA0021,PENGURUSAN KEMUDAHAN ICT DAN INFRASTRUKTUR (PENGURUSAN PUSAT DATA PENGOPERASIAN),ICT,6
KCA0017,CERTIFIED DATA CENTRE PROFESSIONAL (CDCP),ICT,6
KCA0099,TEKNIKAL BLOCKCHAIN,ICT,6
KCA0101,IR 4.0 FOUNDATIONS OF BLOCKCHAIN,ICT,6
KCB0023,PERSIJILAN TAHAP ASAS BLOCKCHAIN,ICT,6
KCA0115,IR4.0 INTERMEDIATE BLOCKCHAIN SOLUTIONS,ICT,6
KCA0109,TRAIN OF TRAINER BLOCKCHAIN (TAHAP PERTENGAHAN),ICT,6
KCB0028,PERSIJILAN TAHAP PERTENGAHAN BLOCKCHAIN,ICT,6
KCA0005,ASAS KESELAMATAN SIBER,ICT,7
KCA0011,DIGITAL FORENSIC,ICT,7
UZA0039,SECURITY FUNDAMENTALS,ICT,7
KCA0022,STANDARD ISO/IEC ISMS 27001 BAGI PELAKSANA ISMS,ICT,7
KCA0018,ASAS PENILAIAN RISIKO (ICT),ICT,7
KCA0033,STANDARD ISO/IEC ISMS 27001 BAGI JURUAUDIT DALAM ISMS,ICT,7
KCA0037,BLOCKCHAIN FUNDAMENTAL,ICT,7
SZA0010,BLOCKCHAIN AWARENESS PROGRAMME,ICT,7
KCA0030,PEMULIHAN BENCANA (ICT),ICT,7
KCA0060,VIRTUAL ISMS INTERNAL AUDIT,ICT,7
KCB0001,COMPTIA SECURITY+ AND EXAMINATION,ICT,7
KCB0004,EC COUNCIL CERTIFIED SECURE COMPUTER USER,ICT,7
KCB0009,EC-COUNCIL CERTIFIED ETHICAL HACKER (CEH),ICT,7
KCB0013,ISO/IEC 270012013 ISMS – DOCUMENTATION & SECURITY MATRIX,ICT,7
KCA0055,EC-COUNCIL CERTIFIED SECURITY SPECIALIST (ECSS),ICT,7
KCA0068,RISK ASSESSMENT FOR ISMS 270012013,ICT,7
KCB0018,ISMS CERTIFIED ISO 27001 LEAD IMPLEMENTER,ICT,7
KCA0085,SECURITY INFORMATION AND EVENT MANAGEMENT (SIEM) MENGGUNAKAN MICRO FOCUS SENTINEL,ICT,7
KCA0081,IR4.0 DIGITAL FORENSIC AND EVIDENCE,ICT,7
KCA0091,TRAIN OF TRAINER PENGURUSAN KESELAMATAN DAN INSIDEN SIBER,ICT,7
KCB0021,PENGURUSAN KESELAMATAN MAKLUMAT ISMS ISO 27001 2022 KEPERLUAN BAHARU,ICT,7
KCA0105,PENGURUSAN KESELAMATAN DAN INSIDEN SIBER,ICT,7
KCA0126,TRAIN OF TRAINER PEMANTAUAN KESELAMATAN MAKLUMAT,ICT,7
KCA0006,INTERNET OF THINGS (IOT) WITH DATASCIENCE,ICT,8
KCA0026,CISCO CERTIFIED NETWORK ASSOCIATE (CCNA) INTRODUCTION TO NETWORKS,ICT,8
KCA0023,CISCO NETWORKING ACADEMY (CISCO NETACAD) IT ESSENTIALS (PC HARDWARE AND SOFTWARE),ICT,8
KCB0006,"CISCO CERTIFIED NETWORK ASSOCIATE (CCNA) ROUTING, SWITCHING AND WIRELESS ESSENTIALS",ICT,8
KCA0048,NETWORK FORENSIC WITH WIRESHARK,ICT,8
KCA0050,INTERNET PROTOCOL VERSION 6 (IPV6),ICT,8
KCB0014,INTERNET OF THINGS (IOT) USING RASPBERRY PI,ICT,8
KCB0015,INTERNET OF THINGS (IOT) USING ARDUINO,ICT,8
KCA0092,TEKNIKAL MICROSOFT AZURE IOT,ICT,8
KCA0096,INTERNET OF THINGS (TAHAP ASAS),ICT,8
KCA0097,TRAIN OF TRAINER INTERNET OF THINGS (TAHAP ASAS),ICT,8
KCA0095,ASAS RANGKAIAN KOMPUTER EVOLUSI IPV4 KE IPV6,ICT,8
KCB0027,PENSIJILAN TAHAP PERTENGAHAN IOT - CERTIFIED MICROSOFT AZURE FUNDAMENTALS,ICT,8
KCA0124,INTERNET OF THINGS (TAHAP PERTENGAHAN),ICT,8
KCA0129,TRAINING OF TRAINERS IOT (INTERMEDIATE),ICT,8
WZA0034,MASTERING INNOVATION THROUGH DESIGN THINKING,PENGURUSAN,13
WZA0008,"EKOSISTEM KONDUSIF SEKTOR AWAM PRINSIP, PROSEDUR DAN AMALAN",PENGURUSAN,13
WZA0010,INNOVATION DO YOU WANT TO BE CREATIVE?,PENGURUSAN,13
WZA0027,BERFIKIR DI LUAR KOTAK,PENGURUSAN,13
SZA0034,EKOSISTEM KONDUSIF SEKTOR AWAM (EKSA),PENGURUSAN,13
UZA0011,PEMAHAMAN DAN PELAKSANAAN MS ISO 90012015,PENGURUSAN,13
TZA0003,MASTERING INNOVATION THROUGH DESIGN THINKING,PENGURUSAN,13
TZA0002,INNOVATION DO YOU WANT TO BE CREATIVE?,PENGURUSAN,13
SZA0038,PENGURUSAN PELANGGAN,PENGURUSAN,13
UZA0027,ASAS SISTEM PENGURUSAN ANTI-RASUAH (ANTI-BRIBERY MANAGEMENT SYSTEM) ISO 37001 2016,PENGURUSAN,13
UZA0032,MANAGEMENT TOOLS,PENGURUSAN,13
WZA0006,PENGURUSAN MASA,PENGURUSAN,13
UZA0033,CHANGE MANAGEMENT,PENGURUSAN,13
TZA0030,PENGURUSAN BENCANA,PENGURUSAN,14
WZA0015,PENGURUSAN PELANGGAN,PENGURUSAN,14
KEA0006,INTEGRITI DAN TADBIR URUS TERBAIK DALAM PENGURUSAN KEWANGAN KERAJAAN,PENGURUSAN,14
UZA0022,PENYELIAAN BERKESAN (ASAS),PENGURUSAN,14
WZA0031,BENGKEL MENANGANI PELANGGAN BERMASALAH,PENGURUSAN,14
WZA0042,BENGKEL FUTURES THINKING AND SCENARIO PLANNING (FTSP),PENGURUSAN,14
KEA0018,BENGKEL PERSEDIAAN PENSIJILAN TAHAP 1 ANTI BRIBERY MANAGEMENT SYSTEM MS ISO 37001 2016,PENGURUSAN,14
WZA0001,PEMANDU CEMERLANG,PEMBANGUNAN DIRI DAN SAHSIAH,35
BZA0006,IMEJ DAN KETERAMPILAN,PEMBANGUNAN DIRI DAN SAHSIAH,35
BZA0011,PROFESIONALISME DIRI UNGGUL,PEMBANGUNAN DIRI DAN SAHSIAH,35
WZA0049,PROFESIONALISME DIRI UNGGUL,PEMBANGUNAN DIRI DAN SAHSIAH,35
WZA0026,IMEJ DAN KETERAMPILAN,PEMBANGUNAN DIRI DAN SAHSIAH,35
WZA0047,ETIKA KERJA PERKHIDMATAN AWAM PERANAN PENYELIA,PEMBANGUNAN DIRI DAN SAHSIAH,35
TZA0004,IMEJ DAN KETERAMPILAN,PEMBANGUNAN DIRI DAN SAHSIAH,35
WZA0028,KOMUNIKASI TERSIRAT (NON-VERBAL),PEMBANGUNAN DIRI DAN SAHSIAH,35
TZA0038,PROGRAM TRANSFORMASI MINDA,PEMBANGUNAN DIRI DAN SAHSIAH,35
WZA0016,KOMUNIKASI BERKESAN,PEMBANGUNAN DIRI DAN SAHSIAH,35
BZA0027,NEGARA BANGSA,PEMBANGUNAN DIRI DAN SAHSIAH,35
TZA0036,PEMBINAAN IMEJ PROFESIONAL,PEMBANGUNAN DIRI DAN SAHSIAH,35
UZA0019,PROFESIONALISME DIRI UNGGUL,PEMBANGUNAN DIRI DAN SAHSIAH,35
TZA0043,PENGUKUHAN PASUKAN VIRTUAL,PEMBANGUNAN DIRI DAN SAHSIAH,35
KEA0001,ETIKA KERJA GAMIFIKASI,PEMBANGUNAN DIRI DAN SAHSIAH,35
SZA0018,SMART INTEGRITI,PEMBANGUNAN DIRI DAN SAHSIAH,35
KEA0005,SMART INTEGRITI,PEMBANGUNAN DIRI DAN SAHSIAH,35
SZA0002,ETIKA KERJA GAMIFIKASI,PEMBANGUNAN DIRI DAN SAHSIAH,35
UZA0029,PENGUCAPAN AWAM,PEMBANGUNAN DIRI DAN SAHSIAH,35
UZA0034,NEGARA BANGSA,PEMBANGUNAN DIRI DAN SAHSIAH,35
KNA0007,PERSEMBAHAN BERIMPAK TINGGI,PEMBANGUNAN DIRI DAN SAHSIAH,35
WZA0025,PETUGAS BARISAN HADAPAN YANG BERKALIBER,PEMBANGUNAN DIRI DAN SAHSIAH,35
SZA0028,KOMUNIKASI BERKESAN,PEMBANGUNAN DIRI DAN SAHSIAH,35
WZA0024,MEMAHAMI KONFLIK DI TEMPAT KERJA,PEMBANGUNAN DIRI DAN SAHSIAH,35
WZA0020,KECERDASAN MINDA PETUGAS BARISAN HADAPAN,PEMBANGUNAN DIRI DAN SAHSIAH,35
BZA0035,KOMUNIKASI BERKESAN,PEMBANGUNAN DIRI DAN SAHSIAH,35
BZA0036,KOMUNIKASI TERSIRAT (NON-VERBAL),PEMBANGUNAN DIRI DAN SAHSIAH,35
IIA0004,TEKNIK PENULISAN DI MEDIA SOSIAL,PEMBANGUNAN DIRI DAN SAHSIAH,35
CCA0006,"PROGRAM PENINGKATAN KEMAHIRAN BIMBINGAN PERKHIDMATAN AWAM (AKRAB) PRA AKRAB TAHAP 2, JABATAN PERTANIAN",PEMBANGUNAN DIRI DAN SAHSIAH,35
UZA0023,IMEJ DAN KETRAMPILAN,PEMBANGUNAN DIRI DAN SAHSIAH,35
DDA0037,INTENSIF PEMANTAPAN KUMPULAN PELAKSANA,PEMBANGUNAN DIRI DAN SAHSIAH,35
IIA0029,WEBINAR IMEJ & KETERAMPILAN DIRI,PEMBANGUNAN DIRI DAN SAHSIAH,35
UZA0064,SANTUN MENGACARA MAJLIS,PEMBANGUNAN DIRI DAN SAHSIAH,35
TZA0062,GAMIFIKASI DALAM PENYELIAAN PERSONEL,PEMBANGUNAN DIRI DAN SAHSIAH,35
EEA0066,BERFIKIR DI LUAR KOTAK,PEMBANGUNAN DIRI DAN SAHSIAH,35
SZA0022,SETIAUSAHA AWESOME DAN IDEAL,PEMBANGUNAN DIRI DAN SAHSIAH,35
FZA0010,ASAS KEUSAHAWANAN,PERNIAGAAN,37
CCA0067,PENGURUSAN PERANCANGAN PERNIAGAAN MENGIKUT TANAMAN BERFOKUS,PERNIAGAAN,37
BZA0007,TATACARA PENGURUSAN STOR KERAJAAN,KEWANGAN,41
BZA0025,PENGURUSAN ASET ALIH,KEWANGAN,41
SZA0008,TATACARA PENGURUSAN ASET ALIH KERAJAAN,KEWANGAN,41
TZA0008,PENGURUSAN ASET ALIH KERAJAAN,KEWANGAN,41
SZA0005,PENGURUSAN STOR KERAJAAN,KEWANGAN,41
UZA0004,PENGURUSAN ASET ALIH KERAJAAN,KEWANGAN,41
UZA0006,TATACARA PENGURUSAN STOR DALAM PENGURUSAN KEWANGAN NEGARA,KEWANGAN,41
KFA0006,PENGURUSAN ASET ALIH,KEWANGAN,41
TZA0014,SISTEM PENGURUSAN STOR,KEWANGAN,41
TZA0013,SISTEM PENGURUSAN ASET,KEWANGAN,41
KFA0030,PELUPUSAN ASET KERAJAAN,KEWANGAN,41
KFA0029,HAPUS KIRA ASET KERAJAAN,KEWANGAN,41
UZA0052,SISTEM PENGURUSAN ASET ALIH KERAJAAN (SPAA 3.1) SPS,KEWANGAN,41
UZA0053,SISTEM PENGURUSAN ASET ALIH KERAJAAN (SPAA 3.1) SPA,KEWANGAN,41
KFA0034,PENGENALAN PENGURUSAN ASET KERAJAAN,KEWANGAN,41
KFA0041,SISTEM PENGURUSAN ASET (SPA),KEWANGAN,41
SZA0058,PENGURUSAN ASET ALIH KERAJAAN,KEWANGAN,41
UZA0069,TIPS & TRICKS PELUPUSAN ASET ALIH & STOK KERAJAAN,KEWANGAN,41
KFA0048,SISTEM PENGURUSAN STOR (SPS),KEWANGAN,41
TZA0007,TATACARA PENGURUSAN STOR DALAM PENGURUSAN KEWANGAN NEGARA,KEWANGAN,42
UZA0035,ASAS PERAKAUNAN AKRUAN,KEWANGAN,42
TZA0012,ASAS PERAKAUNAN AKRUAN,KEWANGAN,42
KFA0007,PERAKAUNAN AKRUAN (ASAS),KEWANGAN,42
KFA0001,ANALISIS PENYATA KEWANGAN,KEWANGAN,42
WZA0039,ASAS PERAKAUNAN AKRUAN,KEWANGAN,42
KFE1002,MODUL DPA TADBIR URUS BELANJAWAN NEGARA (NATIONAL BUDGETARY GOVERNANCE),KEWANGAN,42
BZA0022,PROSEDUR KEWANGAN (ASAS),KEWANGAN,42
KFA0003,PENGURUSAN BAJET BERASASKAN OUTCOME (OBB),KEWANGAN,42
KFA0002,PENILAIAN KEWANGAN BAGI PROJEK AWAM,KEWANGAN,42
TZA0045,BENGKEL PEMURNIAN SENARAI SEMAK INDEKS AKAUNTABILITI BERDASARKAN PENEMUAN AUDIT,KEWANGAN,42
CCA0005,PENGURUSAN DAN PENYIMPANAN REKOD PERNIAGAAN,KEWANGAN,42
BZA0046,INTEGRITI DAN TADBIR URUS TERBAIK DALAM PENGURUSAN KEWANGAN KERAJAAN,KEWANGAN,42
IIA0016,PENGURUSAN KEWANGAN & BELANJAWAN NEGARA,KEWANGAN,42
TZA0053,PEMERKASAAN AUDITEE PENGURUSAN ASET ALIH,KEWANGAN,42
BZA0068,ANALISIS PENYATA KEWANGAN,KEWANGAN,42
KFA0043,ANALISIS KOS-FAEDAH KEWANGAN (COST BENEFIT ANALYSIS),KEWANGAN,42
KFA0044,PENGENALAN PENGURUSAN KEWANGAN AWAM,KEWANGAN,42
KFA0046,PENTADBIRAN KONTRAK KERAJAAN,KEWANGAN,42
KFA0047,ASAS PEROLEHAN KERAJAAN (KERJA),KEWANGAN,42
EEA0061,TATACARA PENGURUSAN KEWANGAN,KEWANGAN,42
DDA0058,PENYEDIAAN DAN PENGURUSAN BAJET (PERUNTUKAN MENGURUS),KEWANGAN,42
WZA0071,ANALISIS PENYATA KEWANGAN,KEWANGAN,42
BZA0075,PEMANDU PROFESIONAL,KEWANGAN,42
BZA0008,PENGURUSAN PEROLEHAN KERAJAAN,KEWANGAN,48
WZA0023,PENGURUSAN PEROLEHAN KERAJAAN,KEWANGAN,48
KFA0008,ASAS PEROLEHAN KERAJAAN (BEKALAN DAN PERKHIDMATAN),KEWANGAN,48
KFB0001,SIJIL PENTAULIAHAN PEROLEHAN KERAJAAN (SPPK) BEKALAN & PERKHIDMATAN,KEWANGAN,48
TZA0009,PENGURUSAN PEROLEHAN KERAJAAN,KEWANGAN,48
UZA0005,PENGURUSAN PEROLEHAN KERAJAAN,KEWANGAN,48
KFB0002,SIJIL PENTAULIAHAN PEROLEHAN KERAJAAN (SPPK) KERJA,KEWANGAN,48
KFB0003,SIJIL PENTAULIAHAN PEROLEHAN KERAJAAN (SPPK) PERUNDING,KEWANGAN,48
KFA0026,EPEROLEHAN,KEWANGAN,48
FZA0009,PENYEDIAAN SPESIFIKASI DAN SKEMA PEMARKAHAN SEBUT HARGA/TENDER,KEWANGAN,48
IIA0002,"PENGURUSAN PEROLEHAN KERAJAAN (PEMBELIAN TERUS, SEBUTHARGA, TENDER & PENGURUSAN KONTRAK)",KEWANGAN,48
KFA0033,PENYEDIAAN SPESIFIKASI DAN SKEMA PEMARKAHAN SEBUT HARGA/ TENDER,KEWANGAN,48
IIA0010,PENGURUSAN PEROLEHAN - SURAT SETUJU TERIMA (SST) DAN KONTRAK,KEWANGAN,48
SZA0046,PENGURUSAN PEROLEHAN KERAJAAN,KEWANGAN,48
KFB0006,PEROLEHAN KERAJAAN PROSEDUR RUNDINGAN TERUS DAN PENGECUALIAN DARIPADA TATACARA PEROLEHAN KERAJAAN,KEWANGAN,48
KFA0042,PEROLEHAN MAMPAN KERAJAAN,KEWANGAN,48
BZA0059,PENYEDIAAN SPESIFIKASI DAN SKEMA PEMARKAHAN SEBUT HARGA/TENDER,KEWANGAN,48
BZA0058,PENGURUSAN EPEROLEHAN,KEWANGAN,48
IIA0025,TATACARA PENGURUSAN KEWANGAN,KEWANGAN,48
UZA0066,MEMPERKASA PENGURUSAN PEROLEHAN KERAJAAN BERASASKAN BEST VALUE FOR MONEY,KEWANGAN,48
UZA0067,"JOM KENALI ITEM, ELAK PECAH KECIL",KEWANGAN,48
UZA0068,BENGKEL PEMBANGUNAN KOMPETENSI JAWATANKUASA PENYEDIAAN SPESIFIKASI,KEWANGAN,48
IIA0054,PENYEDIAAN SPESIFIKASI SEBUT HARGA/TENDER & PENYEDIAAN SURAT SETUJU TERIMA & DOKUMEN KONTRAK,KEWANGAN,48
SZA0057,PENYEDIAAN SPESIFIKASI DAN SKEMA PEMARKAHAN SEBUT HARGA/ TENDER,KEWANGAN,48
KBA0018,PEMBINAAN MUNSYI MUDA BAHASA,BAHASA,49
KBA0021,"PENULISAN DOKUMEN RASMI KERAJAAN (SURAT RASMI, MEMO, E-MEL)",BAHASA,49
KBA0022,"PENULISAN DOKUMEN RASMI KERAJAAN (MINIT MESYUARAT, KERTAS KERJA, LAPORAN)",BAHASA,49
KBA0019,PEMANTAPAN MUNSYI MUDA BAHASA,BAHASA,49
KBA0024,ASAS PENULISAN TEKS UCAPAN KERAJAAN,BAHASA,49
BZA0040,"PENULISAN DOKUMEN RASMI KERAJAAN (SURAT RASMI, MEMO DAN E-MEL)",BAHASA,49
UZA0063,"PENULISAN DOKUMEN RASMI KERAJAAN (SURAT RASMI, MEMO, EMEL)",BAHASA,49
KBA0026,PEMBACAAN BERKESAN,BAHASA,49
BZA0067,BENGKEL PENULISAN ARTIKEL DAN RENCANA,BAHASA,49
KRA0001,PENULISAN TEKS UCAPAN MAJLIS RASMI,BAHASA,49
KRA0002,TEKNIK PENULISAN ARTIKEL DI MEDIA MASSA,BAHASA,49
SZA0056,"PENULISAN DOKUMEN RASMI KERAJAAN (SURAT RASMI, MEMO DAN E-MEL)",BAHASA,49
KBA0001,POWER UP YOUR ENGLISH EFFECTIVE LETTERS AND EMAILS,BAHASA,50
KBA0016,ENHANCING DELIVERY SERVICE ENGLISH FOR FUNCTIONAL PURPOSES,BAHASA,50
KBA0015,POWER UP YOUR ENGLISH SPEAK BETTER ENGLISH,BAHASA,50
KBA0012,ENHANCING SERVICE DELIVERY SERIES ENGLISH FOR CUSTOMER SERVICE,BAHASA,50
KBA0007,LANGUAGE AWARENESS FOR COMMUNICATION SUCCESS BASIC GRAMMAR,BAHASA,50
KBA0013,ENHANCING SERVICE DELIVERY SERIES EFFECTIVE TELEPHONE SKILLS,BAHASA,50
TZA0037,LANGUAGE AWARENESS FOR COMMUNICATIVE SUCCESS BASIC GRAMMAR,BAHASA,50
KBA0005,LANGUAGE AWARENESS FOR COMMUNICATIVE SUCCESS GRAMMAR ESSENTIALS,BAHASA,50
KBA0006,POWER UP YOUR ENGLISH SERIES WRITING ESSENTIALS,BAHASA,50
KBA0002,POWER UP YOUR ENGLISH SERIES BETTER PRONUNCIATION,BAHASA,50
KBA0003,POWER UP YOUR ENGLISH SERIES EFFECTIVE REPORT WRITING,BAHASA,50
KBA0004,POWER UP YOUR ENGLISH SERIES EFFECTIVE ORAL PRESENTATION,BAHASA,50
WZA0043,LANGUAGE AWARENESS FOR COMMUNICATIVE SUCCESS GRAMMAR ESSENTIAL,BAHASA,50
WZA0018,ENHANCING DELIVERY SERVICE ENGLISH FOR CUSTOMER SERVICE,BAHASA,50
KBA0014,POWER UP YOUR ENGLISH EFFECTIVE NOTE TAKING AND SUMMARIZING SKILLS,BAHASA,50
KBE1001,MODUL DPA ENGLISH FOR EFFECTIVE SPEAKING AND WRITING,BAHASA,50
SZA0011,LANGUAGE AWARENESS FOR COMMUNICATIVE SUCCESS BASIC GRAMMAR,BAHASA,50
KBA0023,PUBLIC SPEAKING COURSE INTAN TALK YOUR WAY TO THE TOP,BAHASA,50
UZA0048,ENHANCING DELIVERY SERVICE ENGLISH FOR CUSTOMER SERVICE,BAHASA,50
WZA0017,ENHANCING DELIVERY SERVICE EFFECTIVE TELEPHONE SKILLS,BAHASA,50
UZA0024,LANGUAGE AWARENESS FOR COMMUNICATIVE SUCCESS BASIC GRAMMAR,BAHASA,50
WZA0069,POWER UP YOUR ENGLISH BETTER PRONUNCIATION,BAHASA,50
EEA0073,SPEAK BETTER ENGLISH COURSE,BAHASA,50
ISB0002,BETTER PRONUNCIATION FOR RTM NEWSCASTERS,BAHASA,50
KBA0010,BAHASA MANDARIN UNTUK PEGAWAI IMIGRESEN,BAHASA,51
KBA0008,BAHASA MANDARIN UNTUK INTERAKSI HARIAN,BAHASA,51
KBA0009,BAHASA MANDARIN INTENSIF,BAHASA,51
KBA0011,BAHASA MANDARIN UNTUK KHIDMAT PELANGGAN,BAHASA,51
TZA0033,BAHASA MANDARIN UNTUK INTERAKSI HARIAN,BAHASA,51
KBA0017,BAHASA MANDARIN KOMUNIKASI HARIAN TAHAP 1,BAHASA,51
KBA0030,BAHASA MANDARIN HSK TAHAP 1,BAHASA,51
WZA0070,BAHASA MANDARIN UNTUK INTERAKSI HARIAN,BAHASA,51
KPB0001,PENSIJILAN PENGURUSAN PROJEK AWAM BERSEPADU (3PAB) JANGKA PANJANG,DASAR,52
KPB0002,PENSIJILAN PENGURUSAN PROJEK AWAM BERSEPADU (3PAB) - MODUL I FORMULASI DAN PEMBENTUKAN PROJEK,DASAR,52
KPB0003,PENSIJILAN PENGURUSAN PROJEK AWAM BERSEPADU (3PAB) - MODUL II PERANCANGAN PROJEK,DASAR,52
KPE1002,MODUL DPA PENGURUSAN PROJEK AWAM BERSEPADU,DASAR,52
KPB0004,PENSIJILAN PENGURUSAN PROJEK AWAM BERSEPADU (3PAB) - MODUL III PELAKSANAAN DAN PEMANTAUAN PROJEK,DASAR,52
KPB0005,PENSIJILAN PENGURUSAN PROJEK AWAM BERSEPADU (3PAB) - MODUL IV PENILAIAN PROJEK DAN GOVERNAN DALAM PROJEK,DASAR,52
KPA0005,KERJASAMA AWAM SWASTA (PUBLIC PRIVATE PARTNERSHIP),DASAR,52
KPA0001,MASTERCLASS IN PUBLIC POLICY MAKING,DASAR,54
KPE1001,MODUL DPA GOVERNMENT ADMINISTRATION AND PUBLIC POLICY MANAGEMENT,DASAR,54
KPA0003,MASTERCLASS ON CIVIL SERVICE COLLABORATION,DASAR,54
KPA0004,MASTERCLASS ON CIVIL SERVICE GOOD GOVERNANCE,DASAR,54
KPA0002,UTILIZING REGULATORY IMPACT ANALYSIS (RIA) FOR BETTER REGULATION,DASAR,54
TZA0019,NEGARA BANGSA,DASAR,54
KPA0007,INTRODUCTION TO BEHAVIOURAL INSIGHTS IN POLICY MAKING,DASAR,54
KEA0023,MALAYSIA MADANI PERKHIDMATAN AWAM,DASAR,54
BZA0004,HORIZON BAHARU KUMPULAN INOVATIF DAN KREATIF (KIK),INOVASI DAN KREATIVITI,56
UZA0015,HORIZON BAHARU KUMPULAN INOVATIF DAN KREATIF (KIK),INOVASI DAN KREATIVITI,56
KNA0004,PANEL PENILAI HORIZON BAHARU KIK,INOVASI DAN KREATIVITI,56
KNA0003,HORIZON BAHARU KIK,INOVASI DAN KREATIVITI,56
UZA0018,DESIGN THINKING MASTERCLASS,INOVASI DAN KREATIVITI,56
WZA0033,HORIZON BAHARU KUMPULAN INOVATIF DAN KREATIF (KIK),INOVASI DAN KREATIVITI,56
SZA0015,HORIZON BAHARU KUMPULAN INOVATIF DAN KREATIF (KIK),INOVASI DAN KREATIVITI,56
UZA0016,PEMBANGUNAN PANEL PENILAI HORIZON BAHARU (KIK),INOVASI DAN KREATIVITI,56
WZA0059,PEMBANGUNAN PANEL PENILAI HORIZON BAHARU (KIK),INOVASI DAN KREATIVITI,56
WZA0060,BENGKEL PENYEDIAAN PROJEK KIK HORIZON BAHARU,INOVASI DAN KREATIVITI,56
SZA0043,MASTERING INNOVATION THROUGH DESIGN THINKING,INOVASI DAN KREATIVITI,56
KCA0087,BENGKEL PERSEDIAAN PERTANDINGAN ANUGERAH INOVASI SERTA KIK HORIZON BAHARU,INOVASI DAN KREATIVITI,56
TZA0055,KREATIVITI DI TEMPAT KERJA,INOVASI DAN KREATIVITI,56
TZA0017,HORIZON BAHARU KIK,INOVASI DAN KREATIVITI,56
TZA0058,PENERAPAN EMPATI PENJAWAT AWAM,INOVASI DAN KREATIVITI,56
KAA0012,FAMILIARISASI DAN AUDIT DALAMAN EKOSISTEM KONDUSIF SEKTOR AWAM (EKSA),INOVASI DAN KREATIVITI,56
ICA0026,VIZRT -PLAYOUT SESSION,INOVASI DAN KREATIVITI,56
BZA0013,BENGKEL PENGURUSAN BUKU PERKHIDMATAN KERAJAAN,PENGURUSAN,59
WZA0009,KREATIVITI DI TEMPAT KERJA,PENGURUSAN,59
BZA0017,"PENGURUSAN SUMBER MANUSIA BAHARU HUMAN RESOURCE CHAMPIONS (MODUL PENGURUSAN GAJI, ELAUN DAN KEMUDAHAN)",PENGURUSAN,59
WZA0041,"HUMAN RESOURCE CHAMPION PENGURUSAN GAJI, ELAUN DAN KEMUDAHAN",PENGURUSAN,59
BZA0014,PENGURUSAN SUMBER MANUSIA BAHARU HUMAN RESOURCE CHAMPIONS (MODUL PENGURUSAN PERKHIDMATAN DAN PRESTASI),PENGURUSAN,59
BZA0018,PENGURUSAN SUMBER MANUSIA BAHARU HUMAN RESOURCE CHAMPIONS (MODUL PENGURUSAN TATATERTIB),PENGURUSAN,59
UZA0001,PENGUKUHAN PASUKAN,PENGURUSAN,59
BZA0021,ASAS PERKHIDMATAN DALAM PERKHIDMATAN AWAM,PENGURUSAN,59
WZA0012,AUDIT DALAM EKOSISTEM KONDUSIF SEKTOR AWAM (EKSA),PENGURUSAN,59
WZA0050,HUMAN RESOURCE CHAMPION PENGURUSAN TATATERTIB,PENGURUSAN,59
WZA0054,PENGURUSAN ASET ALIH,PENGURUSAN,59
WZA0038,MYPORTFOLIO PANDUAN KERJA SEKTOR AWAM,PENGURUSAN,59
TZA0031,PENGURUSAN MESYUARAT,PENGURUSAN,59
TZA0021,AUDIT DALAM EKOSISTEM KONDUSIF SEKTOR AWAM (EKSA),PENGURUSAN,59
TZA0039,"EKOSISTEM KONDUSIF SEKTOR AWAM (EKSA) PRINSIP, PROSEDUR DAN AMALAN",PENGURUSAN,59
TZA0041,KECERDASAN MINDA BAGI PETUGAS BARISAN HADAPAN,PENGURUSAN,59
UZA0002,PENGURUSAN PELANGGAN,PENGURUSAN,59
UZA0007,HUMAN RESOURCE CHAMPIONS PENGURUSAN TATATERTIB,PENGURUSAN,59
SZA0004,HUMAN RESOURCE CHAMPIONS MODUL 1 PERANCANGAN DAN PEMBANGUNAN ORGANISASI,PENGURUSAN,59
TZA0016,"PROTOKOL, ETIKET SOSIAL DAN PENGURUSAN MAJLIS",PENGURUSAN,59
UZA0028,PENGURUSAN GANGGUAN SEKSUAL DI TEMPAT KERJA,PENGURUSAN,59
WZA0014,PENGURUSAN REKOD YANG EFEKTIF,PENGURUSAN,59
SZA0012,HUMAN RESOURCE CHAMPIONS MODUL 3 PENGURUSAN TATATERTIB,PENGURUSAN,59
UZA0017,MYPORTFOLIO PANDUAN KERJA SEKTOR AWAM,PENGURUSAN,59
WZA0021,TATACARA PENGURUSAN STOR DALAM PENGURUSAN KEWANGAN NEGARA,PENGURUSAN,59
TZA0015,MYPORTFOLIO PANDUAN KERJA SEKTOR AWAM,PENGURUSAN,59
SZA0035,MYPORTFOLIO PANDUAN KERJA SEKTOR AWAM,PENGURUSAN,59
UZA0008,BENGKEL BUKU PERKHIDMATAN KERAJAAN,PENGURUSAN,59
UZA0003,PENGURUSAN MESYUARAT,PENGURUSAN,59
KNA0009,HUMAN RESOURCE CHAMPIONS,PENGURUSAN,59
KNA0010,MYPORTFOLIO PANDUAN KERJA SEKTOR AWAM,PENGURUSAN,59
SZA0036,PENGURUSAN MESYUARAT,PENGURUSAN,59
WZA0019,PROGRAM TRANSFORMASI MINDA,PENGURUSAN,59
FZA0005,FAEDAH DAN PENGURUSAN PERSARAAN - APA BAKAL PESARA PERLU TAHU?,PENGURUSAN,59
KNE1002,MODUL DPA PENGURUSAN SUMBER MANUSIA STRATEGIK,PENGURUSAN,59
FZA0006,MANAGING YOURSELF,PENGURUSAN,59
BZA0012,MYPORTFOLIO,PENGURUSAN,59
SZA0020,"HUMAN RESOURCE CHAMPIONS MODUL 4 PENGURUSAN GAJI, ELAUN DAN KEMUDAHAN",PENGURUSAN,59
WZA0011,PENGURUSAN KENDERAAN,PENGURUSAN,59
SZA0025,HUMAN RESOURCE CHAMPIONS MODUL 5 PENGURUSAN PERKHIDMATAN DAN PRESTASI,PENGURUSAN,59
UZA0041,PENGURUSAN SISTEM REKOD YANG EFEKTIF,PENGURUSAN,59
SZA0027,HUMAN RESOURCE CHAMPIONS MODUL 2 PENGURUSAN PERSARAAN,PENGURUSAN,59
SZA0026,HUMAN RESOURCE CHAMPIONS MODUL 6 PEMBANGUNAN MODAL INSAN,PENGURUSAN,59
WZA0061,SAYA YANG MENJALANKAN AMANAH,PENGURUSAN,59
WZA0058,PENGURUSAN MESYUARAT,PENGURUSAN,59
BZA0037,PENGURUSAN KENDERAAN,PENGURUSAN,59
UZA0045,"PENULISAN DOKUMEN RASMI KERAJAAN (MINIT MESYUARAT, KERTAS KERJA, LAPORAN)",PENGURUSAN,59
KNA0016,HUMAN RESOURCE CHAMPIONS PENGURUSAN PERSARAAN,PENGURUSAN,59
BZA0039,PENGURUSAN REKOD YANG EFEKTIF,PENGURUSAN,59
BZA0038,PENGURUSAN MESYUARAT,PENGURUSAN,59
WZA0057,PENGURUSAN BUKU PERKHIDMATAN KERAJAAN,PENGURUSAN,59
BZA0032,FAEDAH DAN PENGURUSAN PERSARAAN APA BAKAL PESARA PERLU TAHU?,PENGURUSAN,59
KNA0017,HUMAN RESOURCE CHAMPIONS PENGURUSAN TATATERTIB,PENGURUSAN,59
CCA0022,"PENGURUSAN FAIL, SURAT DAN REKOD RASMI KERAJAAN",PENGURUSAN,59
SZA0048,PENGURUSAN KENDERAAN,PENGURUSAN,59
KNA0018,"HUMAN RESOURCE CHAMPIONS PENGURUSAN GAJI, ELAUN DAN KEMUDAHAN",PENGURUSAN,59
TZA0052,PENGURUSAN KENDERAAN KERAJAAN,PENGURUSAN,59
SZA0047,ASAS PERKHIDMATAN,PENGURUSAN,59
KNA0019,HUMAN RESOURCE CHAMPIONS PENGURUSAN PERKHIDMATAN DAN PRESTASI,PENGURUSAN,59
KNA0020,HUMAN RESOURCE CHAMPIONS PEMBANGUNAN MODAL INSAN,PENGURUSAN,59
KNA0021,TALENT MANAGEMENT,PENGURUSAN,59
KNA0015,HUMAN RESOURCE CHAMPIONS PERANCANGAN DAN PEMBANGUNAN ORGANISASI,PENGURUSAN,59
WZA0066,HUMAN RESOURCE CHAMPIONS PENGURUSAN PERKHIDMATAN DAN PRESTASI,PENGURUSAN,59
EEA0034,TATACARA PELUPUSAN ASET TAK ALIH,PENGURUSAN,59
BZA0053,HUMAN RESOURCE CHAMPION MODUL 1 PERANCANGAN DAN PEMBANGUNAN ORGANISASI,PENGURUSAN,59
WZA0065,ASAS PERKHIDMATAN DALAM PERKHIDMATAN AWAM,PENGURUSAN,59
SZA0053,BENGKEL PENGURUSAN BUKU PERKHIDMATAN KERAJAAN,PENGURUSAN,59
TZA0059,BENGKEL PENGURUSAN BUKU PERKHIDMATAN KERAJAAN,PENGURUSAN,59
DDA0060,PENYELIAAN BERKESAN,PENGURUSAN,59
IIA0056,PENGURUSAN KENDERAAN KERAJAAN,PENGURUSAN,59
BZA0015,ETIKA KERJA GAMIFIKASI,PEMBANGUNAN DIRI DAN SAHSIAH,64
TZA0001,PENGUKUHAN PASUKAN,PEMBANGUNAN DIRI DAN SAHSIAH,64
KEA0007,KELUARGA RAHMAH,PEMBANGUNAN DIRI DAN SAHSIAH,64
BZA0010,PENGUKUHAN PASUKAN,PEMBANGUNAN DIRI DAN SAHSIAH,64
WZA0007,PENGUKUHAN PASUKAN,PEMBANGUNAN DIRI DAN SAHSIAH,64
KNA0001,PROGRAM TRANSFORMASI MINDA,PEMBANGUNAN DIRI DAN SAHSIAH,64
SZA0019,PENGUKUHAN PASUKAN,PEMBANGUNAN DIRI DAN SAHSIAH,64
EEA0015,GAMIFIKASI KREATIVITI DI TEMPAT KERJA,PEMBANGUNAN DIRI DAN SAHSIAH,64
DDA0028,JATI DIRI DAN NILAI-NILAI MURNI,PEMBANGUNAN DIRI DAN SAHSIAH,64
CCA0039,TRAIN THE TRAINER,PEMBANGUNAN DIRI DAN SAHSIAH,64
DDA0082,PENGUKUHAN PASUKAN,PEMBANGUNAN DIRI DAN SAHSIAH,64
WZA0036,"MICROSOFT WORD 2016 STEP BY STEP (INTRO, INTERMEDIATE & ADVANCED)",ICT,72
UZA0036,MICROSOFT OFFICE 2019 TIPS AND TRICKS,ICT,72
KCA0014,COMPTIA IT FUNDAMENTALS (ITF+),ICT,72
WZA0037,"MICROSOFT EXCEL 2016 STEP BY STEP (INTRO, INTERMEDIATE & ADVANCED)",ICT,72
SZA0014,PLAYWORKS EXCEL FUN FORMULAS,ICT,72
KCA0031,COMPTIA A+,ICT,72
KCA0029,PERSEMBAHAN SLAID EFEKTIF DAN BERIMPAK TINGGI,ICT,72
UZA0038,INFOGRAPHICS USING POWERPOINT,ICT,72
KCB0005,COMPTIA A+ (EXAM),ICT,72
SZA0017,ADOBE PHOTOSHOP (BASIC TO ADVANCED),ICT,72
BZA0020,GET CREATIVE DESKTOP PUBLISHING DESIGN SOFTWARE,ICT,72
WZA0055,MICROSOFT OFFICE 2019 - TIPS & TRICKS,ICT,72
KAA0004,E-POSTER ANIMASI GRAFIK/MONTAJ MS POWERPOINT,ICT,72
SZA0042,ADOBE AFTER EFFECTS,ICT,72
SZA0041,ADOBE PREMIERE PRO,ICT,72
WZA0063,ADOBE INDESIGN CC/CS6,ICT,72
CCA0023,MICROSOFT EXCEL (ADVANCE),ICT,72
BZA0044,INFOGRAPHIC USING POWERPOINT,ICT,72
DDA0007,INFOGRAFIK PERTANIAN,ICT,72
BZA0051,REKA EPOSTER DAN INFOGRAFIK - CANVA,ICT,72
BZA0049,MICROSOFT EXCEL 2016 (BASIC/INTERMEDIATE),ICT,72
BZA0048,MICROSOFT WORD 2016 (BASIC/INTERMEDIATE),ICT,72
UZA0056,ANALYZING AND VISUALIZING DATA USING EXCEL,ICT,72
UZA0060,DESIGN LIKE PRO WITH CANVA,ICT,72
UZA0059,INFOGRAPHIC USING POWERPOINT,ICT,72
UZA0058,POWER EDITING SHOTS WITH POWERPOINT,ICT,72
BZA0064,INFOGRAPHIC USING POWERPOINT,ICT,72
KCA0104,TIPS AND TRICKS MS WORD & MS EXCEL,ICT,72
SZA0052,MUDAHNYA DESIGN CANVA,ICT,72
SZA0054,ADOBE AFTER EFFECTS,ICT,72
BZA0062,REKABENTUK GRAFIK DAN PENYUNTINGAN FOTO - PHOTOSHOP,ICT,72
KCA0128,ASAS REKA POSTER CANVA,ICT,72
BZA0072,CHAT GPT,ICT,72
BZA0074,SUNTINGAN VIDEO,ICT,72
KEA0004,PATRIOTISMA DAN KENEGARAAN,PEMBANGUNAN DIRI DAN SAHSIAH,81
FZA0002,PROFESIONALISME DIRI UNGGUL,PEMBANGUNAN DIRI DAN SAHSIAH,81
BZA0028,PENGAKTIFAN AMANAH DALAM ORGANISASI,PEMBANGUNAN DIRI DAN SAHSIAH,81
UZA0020,ETIKA KERJA GAMIFIKASI,PEMBANGUNAN DIRI DAN SAHSIAH,81
BZA0042,KECEMERLANGAN DIRI,PEMBANGUNAN DIRI DAN SAHSIAH,81
BZA0041,PEMANDU CEMERLANG,PEMBANGUNAN DIRI DAN SAHSIAH,81
KEA0013,ETIKA PERKHIDMATAN AWAM,PEMBANGUNAN DIRI DAN SAHSIAH,81
KEA0014,KELUARGA MALAYSIA MAKMUR BERSAMA,PEMBANGUNAN DIRI DAN SAHSIAH,81
KEA0016,GERBANG BARZAKH,PEMBANGUNAN DIRI DAN SAHSIAH,81
CCA0008,"PENGUKUHAN GOVERNANS, INTEGRITI DAN ANTIRASUAH",PEMBANGUNAN DIRI DAN SAHSIAH,81
CCA0007,PENGURUSAN EMOSI DAN STRESS CREATIVE PROBLEM SOLVING,PEMBANGUNAN DIRI DAN SAHSIAH,81
BZA0034,SMART INTEGRITI,PEMBANGUNAN DIRI DAN SAHSIAH,81
KEA0011,JELAJAH BUKU ETIKA PERKHIDMATAN AWAM,PEMBANGUNAN DIRI DAN SAHSIAH,81
EEA0021,"PENGUKUHAN GOVERNANS, INTEGRITI DAN ANTIRASUAH",PEMBANGUNAN DIRI DAN SAHSIAH,81
SZA0049,IMEJ DAN KETERAMPILAN,PEMBANGUNAN DIRI DAN SAHSIAH,81
EEA0025,NEGOSIASI DAN KOMUNIKASI BERKESAN DI TEMPAT KERJA,PEMBANGUNAN DIRI DAN SAHSIAH,81
TZA0051,SENSE OF URGENCY,PEMBANGUNAN DIRI DAN SAHSIAH,81
UZA0061,KENALI PERSONALITI PERKHIDMATAN BERKUALITI,PEMBANGUNAN DIRI DAN SAHSIAH,81
TZA0054,KELUARGA RAHMAH,PEMBANGUNAN DIRI DAN SAHSIAH,81
TZA0056,PROFESIONALISME DIRI UNGGUL,PEMBANGUNAN DIRI DAN SAHSIAH,81
BZA0054,KREATIVITI DI TEMPAT KERJA,PEMBANGUNAN DIRI DAN SAHSIAH,81
DDA0046,KOMUNIKASI BERKESAN ZON TIMUR,PEMBANGUNAN DIRI DAN SAHSIAH,81
EEA0038,EXPRESSIVE ART THERAPY,PEMBANGUNAN DIRI DAN SAHSIAH,81
EEA0039,PROFIL PERSONALITI TAJMA,PEMBANGUNAN DIRI DAN SAHSIAH,81
EEA0037,PEMANTAPAN PERSONAL DAN ORGANISASI,PEMBANGUNAN DIRI DAN SAHSIAH,81
CCA0050,"PROTOKOL, ETIKA SOSIAL DAN PENGURUSAN MAJLIS",PEMBANGUNAN DIRI DAN SAHSIAH,81
CCA0049,PENGURUSAN TATATERTIB DALAM PERKHIDMATAN AWAM,PEMBANGUNAN DIRI DAN SAHSIAH,81
CCA0043,PENGURUSAN EMOSI DAN STRESS,PEMBANGUNAN DIRI DAN SAHSIAH,81
CCA0042,MENGENALI PERSONALITI MENERUSI ART DRAWING-HOUSE-TREE-PERSON (AD-HTP),PEMBANGUNAN DIRI DAN SAHSIAH,81
CCA0045,KREATIVITI DI TEMPAT KERJA,PEMBANGUNAN DIRI DAN SAHSIAH,81
SZA0055,KECEMERLANGAN DIRI,PEMBANGUNAN DIRI DAN SAHSIAH,81
EEA0058,PEMERKASAAN PERSONALITI,PEMBANGUNAN DIRI DAN SAHSIAH,81
KAA0014,PENTAULIAHAN PENGACARAAN PROFESIONAL (3P),PEMBANGUNAN DIRI DAN SAHSIAH,81
FZA0012,ANJAKAN PARADIGMA KEPADA BAKAL PESARA,PEMBANGUNAN DIRI DAN SAHSIAH,81
TZA0057,BENGKEL KOMUNIKASI BERKESAN DAN PERSEMBAHAN BERIMPAK TINGGI,PEMBANGUNAN DIRI DAN SAHSIAH,81
KAA0015,PROGRAM TRANSFORMASI MINDA,PEMBANGUNAN DIRI DAN SAHSIAH,81
EEA0060,PENGURUSAN MASA,PEMBANGUNAN DIRI DAN SAHSIAH,81
TZA0060,PENGURUSAN PERKHIDMATAN PELANGGAN,PEMBANGUNAN DIRI DAN SAHSIAH,81
CCA0077,ETIKA KERJA PENJAWAT AWAM,PEMBANGUNAN DIRI DAN SAHSIAH,81
CCA0076,KESEDARAN KEPENTINGAN KESIHATAN EMOSI DI TEMPAT KERJA & KEHIDUPAN HARIAN ZON UTARA,PEMBANGUNAN DIRI DAN SAHSIAH,81
EEA0087,"PENGUKUHAN GOVERNANS, INTEGRITI DAN ANTIRASUAH",PEMBANGUNAN DIRI DAN SAHSIAH,81
DDA0061,BUDAYA KERJA CEMERLANG,PEMBANGUNAN DIRI DAN SAHSIAH,81
KXA0007,COACHING FOR LEADERS,PEMBANGUNAN LATIHAN,82
EAA0011,BENGKEL PELAKSANAAN DTIMS BAGI PENGURUSAN UPSKILLING DAN RESKILLING TAHUN 2023 DVS,PEMBANGUNAN LATIHAN,82
KRE1001,MODUL DPA THINKING PERSPECTIVE,PENYELIDIKAN,84
KRE1002,"MODUL RESEARCH METHODOLOGY, PROGRAM DPA INTAN (SIRI 2/2021)",PENYELIDIKAN,84
KXA0014,ASAS PENYELIDIKAN UNTUK PENJAWAT AWAM (INTRODUCTION TO RESEARCH FOR PUBLIC OFFICIALS),PENYELIDIKAN,84
KRB0001,BENGKEL PENULISAN KAJIAN KES PERKHIDMATAN AWAM,PENYELIDIKAN,84
KRA0003,BENGKEL PENULISAN ARTIKEL JURNAL,PENYELIDIKAN,84
KAB0001,BENGKEL TRAIN THE TRAINER PEGAWAI INTAN,PEMBANGUNAN LATIHAN,87
KXA0015,INTAN VIRTUAL FACILITATION,PEMBANGUNAN LATIHAN,87
KXA0006,BENGKEL LEARNING NEEDS ANALYSIS,PEMBANGUNAN LATIHAN,87
KXC1001,BENGKEL NEEDS ANALYSIS FOR TRAINERS (NAFT),PEMBANGUNAN LATIHAN,87
FZA0008,LITERASI KEWANGAN DEMI ESOK DAN MASA DEPAN,KEWANGAN,88
CCA0004,MANDATORI AOD PENGURUSAN TANAH SIRI 2,PERTANIAN,90
CCA0017,DIAGNOSTIK DAN KAWALAN PENYAKIT SERTA PEROSAK TANAMAN PADI,PERTANIAN,90
DDA0003,PEGAWAI AUDIT MYGAP & MYORGANIC BAGI SEKTOR TANAMAN,PERTANIAN,90
EEA0009,TEKNOLOGI TANAMAN TEMBIKAI DAN ROCK MELON,PERTANIAN,90
DDA0004,PEGAWAI PEMBIMBING MYGAP & MYORGANIC SEKTOR TANAMAN,PERTANIAN,90
CCA0010,PEGAWAI PEMBIMBING MYGAP PESTICIDE FREE,PERTANIAN,90
EEA0014,PENGHASILAN BENIH CENDAWAN BERKUALITI,PERTANIAN,90
DDA0009,TANAMAN SAYUR SECARA FERTIGASI DAN HIDROPONIK,PERTANIAN,90
CCA0013,PEGAWAI AUDIT MYGAP PESTICIDE FREE,PERTANIAN,90
IIA0008,PENGURUSAN & PELAKSANAAN PROJEK PERTANIAN,PERTANIAN,90
KPA0006,SENI BERKEBUN DI RUMAH,PERTANIAN,90
EEA0018,PENGHASILAN SABUN DAN MINYAK PATI BERASASKAN TANAMAN,PERTANIAN,90
IIA0013,TEKNOLOGI TANAMAN HALIA FERTIGASI,PERTANIAN,90
IIA0014,STATISTICAL PACKAGE FOR THE SOCIAL SCIENCE (SPSS),PERTANIAN,90
IIA0023,PENGURUSAN TANAMAN CENDAWAN SISIR,PERTANIAN,90
DDA0022,CCS (CROP CUTTING SURVEY) TANAMAN PADI,PERTANIAN,90
IIA0015,PEMASARAN DIGITAL,PERTANIAN,90
DDA0026,TEKNOLOGI PENGHASILAN MADU KELULUT BERKUALITI TINGGI,PERTANIAN,90
EWA0001,TEKNOLOGI TANAMAN ASAS HIDROPONIK (NFT) SAYURAN BERDAUN (UPSKILLING-GS),PERTANIAN,90
JAA0001,TRANSFORMASI TEKNOLOGI DAN PENGURUSAN TANAMAN NANAS 2.0 INTERMEDIATE (UPSKILLING-PP),PERTANIAN,90
DDA0039,TEKNOLOGI PENGHASILAN MADU KELULUT BERKUALITI TINGGI,PERTANIAN,90
DDA0040,TEKNOLOGI TANAMAN TEMBIKAI,PERTANIAN,90
EEA0032,PEGAWAI PEMBIMBING MYGAP TANAMAN BUKAN MAKANAN (MYGAP.TBM),PERTANIAN,90
EEA0042,TEKNOLOGI PENGHASILAN SABUN DAN PENGEKSTRAKAN MINYAK PATI DARIPADA TANAMAN,PERTANIAN,90
EEA0040,PENGURUSAN DAN PELAKSANAAN PROJEK PERTANIAN,PERTANIAN,90
EEA0046,PEGAWAI AUDIT MYGAP DAN MYORGANIC,PERTANIAN,90
EEA0048,PENGENDALIAN LEPAS TUAI BUAH DURIAN,PERTANIAN,90
EEA0057,"PENYIASATAN PENGELUARAN HASIL TANAMAN BUAH-BUAHAN, SAYURAN DAN TANAMAN LADANG (STL)",PERTANIAN,90
EEA0045,PENYEDIAAN NURSERI SION DAN PENGELUARAN BAHAN TANAMAN BUAH-BUAHAN,PERTANIAN,90
DDA0042,PEMERIKSAAN TAPAK PEMELIHARAAN LEBAH/KELULUT,PERTANIAN,90
CCA0029,DIAGNOSTIK PEROSAK & PENYAKIT TANAMAN SAYUR-SAYURAN,PERTANIAN,90
DDA0047,FERTIGASI CILI DAN TIMUN,PERTANIAN,90
IIA0026,PEMBIMBING MYGAP PESTICIDE FREE (MYGAP.PF),PERTANIAN,90
CCA0040,TEKNOLOGI TANAMAN JAGUNG BIJIAN,PERTANIAN,90
CCA0032,TEKNOLOGI TANAMAN PADI,PERTANIAN,90
IAA0001,FORMULASI DAN PEMBUATAN MAKANAN TERNAKAN RUMINAN (UPSKILLING-PP),PERTANIAN,90
CCA0027,PEMANTAPAN PEMERIKSAAN TAPAK MYGAP TBM DAN PESTICIDE FREE,PERTANIAN,90
DDA0050,PENGIRAAN KOMPONEN HASIL PADI,PERTANIAN,90
EEA0047,PEGAWAI PEMBIMBING MYGAP DAN MYORGANIC,PERTANIAN,90
EEA0044,PEGAWAI AUDIT MYGAP TANAMAN BUKAN MAKANAN (MYGAP.TBM),PERTANIAN,90
ENA0001,TEKNOLOGI TANAMAN ASAS HIDROPONIK (NFT) SAYURAN BERDAUN - SAWI (SIRI 1) - (UPSKILLING GS),PERTANIAN,90
DDA0053,TEKNOLOGI PENGHASILAN MADU KELULUT BERKUALITI TINGGI,PERTANIAN,90
IIA0032,PENYERAGAMAN TATACARA UJIAN BIJI BENIH SKIM PENGESAHAN BENIH PADI DI MAKMAL,PERTANIAN,90
IIA0033,PEGAWAI AUDIT MYGAP PESTICIDE FREE (MYGAP.PF),PERTANIAN,90
EMA0001,TANAMAN FERTIGASI SECARA PERTANIAN PINTAR (SMART FARMING) - SIRI 1 (UPSKILLING GS),PERTANIAN,90
IAA0012,PEMANTAPAN POTENSI AGROPELANCONGAN (UPSKILLING-GS),PERTANIAN,90
EDA0001,UPSKILLING & RESKILLING TEKNOLOGI TANAMAN ASAS FERTIGASI CILI (SIRI 3),PERTANIAN,90
IIA0036,PENGENDALIAN LEPAS TUAI & PEMPROSESAN PRIMER HERBA,PERTANIAN,90
IAA0004,UPSKILLING CROP CUTTING TEST (CCT) (UPSKILLING-PP),PERTANIAN,90
IIA0035,PENGHASILAN BENIH CENDAWAN BERKUALITI,PERTANIAN,90
IIA0037,PENGURUSAN FISIOLOGI TANAMAN SINGKAT MASA,PERTANIAN,90
MMA0004,TANAMAN HIDROPONIK NFT (SAYURAN BERDAUN) SIRI 1- (TALENT POOL),PERTANIAN,90
IIA0039,TEKNOLOGI IOT HALIA FERTIGASI,PERTANIAN,90
IIA0040,SKIM PENGESAHAN BENIH PADI KEPADA PEGAWAI INSPEKTORAT,PERTANIAN,90
ETA0002,TEKNOLOGI TANAMAN FERTIGASI MELON MANIS TERENGGANU (UPSKILLING GS),PERTANIAN,90
DDA0056,PEMANTAPAN PEMERIKSAAN TAPAK MYGAP,PERTANIAN,90
MMA0005,TANAMAN HIDROPONIK NFT (SAYURAN BERDAUN) SIRI 2- (TALENT POOL),PERTANIAN,90
IIA0044,EKSPERIMENTASI & BIOMETRIK PERTANIAN,PERTANIAN,90
IIA0046,PENGURUSAN TANAMAN DURIAN,PERTANIAN,90
IAA0006,PENGURUSAN PELAKSANAAN PROJEK PERTANIAN (UPSKILLING-PP),PERTANIAN,90
IIA0031,TEKNOLOGI TANAMAN NANGKA,PERTANIAN,90
EMB0001,TEKNOLOGI TANAMAN ASAS FERTIGASI CILI SIRI 2 UPSKILLING GS,PERTANIAN,90
IAA0014,TEKNOLOGI TERNAKAN KAMBING TENUSU (UPSKILLING-GS),PERTANIAN,90
CCA0068,TEKNIK PEMBIAKAN BUAH-BUAHAN SECARA CANTUMAN,PERTANIAN,90
CCA0057,PENGURUSAN TANAMAN PADI DAN LEPAS TUAI,PERTANIAN,90
CCA0063,PENCIRIAN VARIETI DURIAN & MANGGA,PERTANIAN,90
CCA0060,DIAGNOSTIK TANAMAN PADI,PERTANIAN,90
DDA0069,PENGHASILAN BENIH CENDAWAN BERKUALITI DAN BERPOTENSI,PERTANIAN,90
CCA0059,PEMBIMBING MYGAP SKOP SUBSEKTOR TANAMAN MAKANAN (MYGAP),PERTANIAN,90
CCA0066,PENGURUSAN TANAH SIRI 2,PERTANIAN,90
CCA0064,ASAS PENYIASATAN GUNA TANAH,PERTANIAN,90
CCA0058,PAKEJ TEKNOLOGI TANAMAN JAGUNG MANIS,PERTANIAN,90
CCA0062,ASAS PEGAWAI PEMERIKSA VARIETI BAHARU TUMBUHAN (AKTA 634) TAHUN 2024,PERTANIAN,90
DDA0057,PEMANTAPAN AUDIT DALAM MS ISO 90012015 PERKHIDMATAN PENGEMBANGAN PERTANIAN TAHUN 2024,PERTANIAN,90
IIA0052,PEMBIMBING MYGAP SKOP PESTICIDE FREE (MYGAP.PF),PERTANIAN,90
DDA0064,REKABENTUK LANSKAP KEBUN BANDAR,PERTANIAN,90
DDA0071,PAKEJ TEKNOLOGI TANAMAN DURIAN,PERTANIAN,90
DDA0079,KEMAHIRAN KOMUNIKASI PENGEMBANGAN BERKESAN ZON TIMUR,PERTANIAN,90
DDA0070,PENGURUSAN TANAMAN KELEDEK,PERTANIAN,90
DDA0077,TEKNOLOGI MICRORGANISMA BERFAEDAH (TEM - BOKASHI DAN PLANT BOOSTER),PERTANIAN,90
DDA0066,PEGAWAI AUDIT MYGAP SKOP PEMELIHARAAN LEBAH & KELULUT(MYGAP.AM),PERTANIAN,90
CCA0078,MATEMATIK PERTANIAN,PERTANIAN,90
DDA0063,PEMBIMBING MYGAP SKOP PEMELIHARAAN LEBAH & KELULUT (MYGAP.AM),PERTANIAN,90
CCA0069,PEGAWAI AUDIT MYGAP SKOP SUBSEKTOR TANAMAN MAKANAN (MYGAP),PERTANIAN,90
CCA0079,PEGAWAI AUDIT MYGAP SKOP PESTICIDE FREE (MYGAP.PF),PERTANIAN,90
AAA0029,KESELAMATAN DAN KUALITI MAKANAN (UPSKILLING-PP),PERTANIAN,90
EEA0020,MS ISO/IEC 170252017 PROCEDURES OF METHOD VALIDATION AND VERIFICATION,PERTANIAN,91
IIA0020,KESELAMATAN & KESIHATAN PEKERJAAN,PERTANIAN,91
EEA0030,PENGURUSAN DAN AMALAN PERTANIAN BANDAR,PERTANIAN,91
EEA0041,PEGAWAI PEMERIKSA SKIM PENGESAHAN BAHAN TANAMAN (SPBT),PERTANIAN,91
DDA0044,PENGENALPASTIAN VARIETI TANAMAN TERPILIH,PERTANIAN,91
DDA0065,"PERANCANGAN, PENGURUSAN DAN PENILAIAN PROJEK",PERTANIAN,91
DDA0083,KESELAMATAN DAN KESIHATAN PEKERJAAN SEKTOR PERTANIAN,PERTANIAN,91
CCA0012,PENGURUSAN TANAMAN MAKANAN TERNAKAN (NAPIER & JAGUNG BIJIAN),PERTANIAN,92
DDA0002,KOMPONEN HASIL & PEMUTUAN PADI,PERTANIAN,92
EEA0012,VERTICAL FARMING,PERTANIAN,92
DDA0012,CPS (CROP PRODUCTION SURVEY),PERTANIAN,92
EEA0024,FERTIGASI DALAM PERTANIAN LESTARI,PERTANIAN,92
EEA0023,PENANAMAN DAN PENGURUSAN TANAMAN ORKID,PERTANIAN,92
EEA0050,AGRONOMI TANAMAN SAYURAN (DAUN DAN BUAH),PERTANIAN,92
CCA0025,PENYIASATAN PENGELUARAN PADI,PERTANIAN,92
CCA0030,REKABENTUK PENGAIRAN & PENYALIRAN LADANG,PERTANIAN,92
AAA0012,UPSKILLING TANAMAN TEMBIKAI (UPSKILLING-PP),PERTANIAN,92
AAA0018,TEKNOLOGI PERTANIAN PINTAR (SMART FARMING) (UPSKILLING-GS),PERTANIAN,92
AAA0021,UPSKILLING TANAMAN DURIAN (UPSKILLING-GS),PERTANIAN,92
AAA0020,TEKNOLOGI DAN PENANAMAN FERTIGASI MELON (UPSKILLING-GS),PERTANIAN,92
AAA0024,UPSKILLING TANAMAN KELAPA (UPSKILLING-GS),PERTANIAN,92
AAA0015,UPSKILLING DAN RESKILLING PENGURUSAN TANAMAN DURIAN (UPSKILLING-PP),PERTANIAN,92
CCA0070,PAKEJ TEKNOLOGI TANAMAN MANGGIS,PERTANIAN,92
EEA0068,PAKEJ TEKNOLOGI TANAMAN NANGKA,PERTANIAN,92
EEA0070,PAKEJ TEKNOLOGI TANAMAN PISANG,PERTANIAN,92
EEA0078,DIAGNOSTIK TANAMAN KONTAN,PERTANIAN,92
EEA0069,TEKNOLOGI NAPIER,PERTANIAN,92
EEA0076,PAKEJ TEKNOLOGI TANAMAN PITAYA,PERTANIAN,92
EEA0077,PAKEJ TEKNOLOGI TANAMAN KELAPA,PERTANIAN,92
EEA0064,PENGURUSAN TANAMAN UBI KELADI,PERTANIAN,92
DDA0081,KALIBERASI RACUN PEROSAK & BAJA,PERTANIAN,92
CCA0003,PEMANTAPAN PEMERIKSAAN TAPAK MYGAP DAN MYGAP A.M,PERTANIAN,93
DDA0006,PENGGUNAAN RACUN MAKHLUK PEROSAK SECARA BERHEMAH,PERTANIAN,93
EEA0011,PENGENALAN KEPADA PENDAFTARAN VARIETI TANAMAN DAN KEMAHIRAN PENCIRIAN TANAMAN,PERTANIAN,93
DDA0023,TEKNOLOGI APLIKASI RACUN PEROSAK/ PESTICIDES APLICATION TECHNOLOGY (PAT),PERTANIAN,93
DHA0001,"PENGUATKUASAAN HASIL PERTANIAN DI BAWAH PERATURAN PENGGREDAN, PEMBUNGKUSAN DAN PELABELAN (3P)",PERTANIAN,93
DHB0001,PROSEDUR IMPORT DAN ESKPORT KOMODITI PERTANIAN (UPSKILLING - PP),PERTANIAN,93
DKA0001,PENGAMBILAN SAMPEL DARAH LEMBU/KAMBING SIRI 1 (UPSKILLING - PP),PERTANIAN,93
IIA0042,PENGURUSAN TANAH PERSEKUTUAN,PERTANIAN,93
DHA0002,"PENGUATKUASAAN HASIL PERTANIAN DI BAWAH PERATURAN PENGGREDAN, PEMBUNGKUSAN DAN PELABELAN (3P) (UPSKILLING-PP) [ SIRI 1/ 2023]",PERTANIAN,93
DGA0008,PENGURUSAN ANALISIS SAMPEL MAKMAL BAGI PENGUJIAN DAN PENGKELASAN DNA SIRI 1 (UPSKILLING-PP),PERTANIAN,93
DKA0002,PENGAMBILAN SAMPEL DARAH LEMBU/KAMBING SIRI 2 (UPSKILLING - PP),PERTANIAN,93
DGA0009,PENGURUSAN ANALISIS SAMPEL MAKMAL BAGI PENGUJIAN DAN PENGKELASAN DNA (UPSKILLING-PP),PERTANIAN,93
FZA0007,PERTANIAN BANDAR,PERTANIAN,94
IIA0001,ARTIFICIAL INTELLIGENCE (AI) PROGRAMMING FOR AGRICULTURE APPLICATIONS,PERTANIAN,94
CCA0014,PENGGUNAAN APLIKASI MUDAH ALIH GOOGLE EARTH DAN AVENZA DALAM PROJEK PERTANIAN,PERTANIAN,94
CCA0021,TEKNOLOGI TANAMAN KUBIS TANAH RENDAH,PERTANIAN,94
IIA0003,TEKNOLOGI IR 4.0 DALAM PERTANIAN KILANG TANAMAN,PERTANIAN,94
CCA0009,SISTEM TENAGA SOLAR,PERTANIAN,94
EEA0017,TEKNOLOGI TANAMAN DURIAN,PERTANIAN,94
CCA0015,PENGENALAN TEKNOLOGI DRON UNTUK APLIKASI PENGAMBILAN DATA DAN PEMETAAN PERTANIAN,PERTANIAN,94
DDA0008,TEKNOLOGI TANAMAN BETIK,PERTANIAN,94
IIA0009,INTERNET OF THINGS (IOT),PERTANIAN,94
DDA0024,TEKNOLOGI TANAMAN DURIAN DAN PENGECAMAN (KRITERIA DAN STANDARD PENILAIAN BUAH DURIAN),PERTANIAN,94
EEA0028,REKABENTUK PENGAIRAN DAN PENYALIRAN LADANG,PERTANIAN,94
DDA0015,REKABENTUK PENGAIRAN & PENYALIRAN LADANG,PERTANIAN,94
DDA0016,FERTIGASI CILI BERHASIL TINGGI,PERTANIAN,94
DDA0018,APLIKASI GPS & GIS,PERTANIAN,94
DDA0021,MANDATORI AOD INTEGRATED PEST MANAGEMENT (IPM) ZON TIMUR,PERTANIAN,94
EEA0031,"PENGHASILAN KERTAS PEMBENTANGAN PROJEK DALAM BENTUK 2D, 3D DAN 4D MENGGUNAKAN PERISIAN REALTIME",PERTANIAN,94
EEA0049,CANTUMAN DURIAN (CANTUMAN DEWASA DAN ANAK POKOK),PERTANIAN,94
EEA0051,TEKNOLOGI PENGURUSAN PENANAMAN KELAPA,PERTANIAN,94
DDA0034,"PENGGUNAAN DRONE BAGI KERJA-KERJA PEMBAJAAN, KAWALAN PEROSAK & RUMPAI",PERTANIAN,94
DDA0031,TEKNOLOGI TANAMAN MANGGA,PERTANIAN,94
CCA0041,PEMANDUAN BERHEMAH SIRI 1,PERTANIAN,94
IIA0028,PENGURUSAN & AMALAN PERTANIAN DI BANDAR,PERTANIAN,94
EBA0001,HANDS ON MENINGKATKAN PENGELUARAN DAN PENUAIAN CILI FERTIGASI MELALUI SISTEM IOT (UPSKILLING GS),PERTANIAN,94
CCA0051,"PENGHASILAN KERTAS PEMBENTANGAN PROJEK DALAM BENTUK 2D, 3D DAN 4D MENGGUNAKAN PERISIAN REALTIME",PERTANIAN,94
IIA0041,MEREKA BENTUK & PENILAIAN TEKNIKAL SISTEM SOLAR,PERTANIAN,94
ETA0001,TEKNOLOGI TANAMAN ASAS FERTIGASI CILI (SIRI 4) - UPSKILLING GS,PERTANIAN,94
IAA0013,TEKNOLOGI REKABENTUK PEMBUNGKUSAN DAN PELABELAN PRODUK USAHAWAN (UPSKILLING-GS),PERTANIAN,94
IIA0047,KULTUR TISU TUMBUHAN,PERTANIAN,94
MMA0001,PENGENDALIAN DRON BAGI AGRICULTURE DRONE PILOT (ADP) - (UPSKILLING PP),PERTANIAN,94
EJA0003,TEKNOLOGI TANAMAN FERTIGASI ROCK MELON (UPSKILLING GS),PERTANIAN,94
EJA0004,TEKNOLOGI TANAMAN ASAS HIDROPONIK SAYURAN NFT (UPSKILLING GS),PERTANIAN,94
IIA0043,PENGURUSAN KUALITI AIR PERTANIAN,PERTANIAN,94
DDA0049,"PAKEJ TEKNOLOGI NFT, DFT DAN VERTICAL FARMING BAGI TANAMAN SAYURAN KE ARAH VEGGIE FACTORY",PERTANIAN,94
IAA0002,TEKNOLOGI IR 4.0 SMART FARMING (UPSKILLING-PP),PERTANIAN,94
IIA0049,PEMANDUAN BERHEMAH SIRI 2,PERTANIAN,94
AAA0019,PEMANTAPAN TANAMAN SAYURAN SECARA IOT DAN BERTEKNOLOGI (UPSKILLING-GS),PERTANIAN,94
IAA0003,UPSKILLING KECEKAPAN PENGENDALIAN BOT (UPSKIILLING-PP),PERTANIAN,94
IIA0050,PENGENALAN SUMBER AIR & REKABENTUK INFRASTRUKTUR SUMBER AIR,PERTANIAN,94
IAA0008,INTERNET OF THINGS (IOT) PERTANIAN (UPSKILLING-PP),PERTANIAN,94
FZA0011,PERTANIAN DIGITAL (SMART FARMING),PERTANIAN,94
CCA0071,"REKABENTUK PENGAIRAN, PENYELENGGARAAN & SALIRAN TANAMAN BUAH-BUAHAN",PERTANIAN,94
CCA0065,ASAS ARCGIS,PERTANIAN,94
EEA0074,KEMAHIRAN PENGETAHUAN PENGURUSAN LOGISTIK DAN PENYELENGGARAAN KENDERAAN,PERTANIAN,94
EEA0082,TEKNOLOGI PENGHASILAN MADU KELULUT BERKUALITI TINGGI,PERTANIAN,94
EEA0083,PAKEJ TEKNOLOGI TANAMAN DURIAN BELANDA,PERTANIAN,94
DDA0067,PENGURUSAN FERTIGASI SAYUR BUAH,PERTANIAN,94
DDA0074,PENGURUSAN CENDAWAN SISIR,PERTANIAN,94
IIA0006,DIAGNOSTIK PENYAKIT DAN PEROSAK TANAMAN BUAH-BUAHAN (MELON),PERTANIAN,95
CCA0011,MANDATORI AOD INTEGRATED PEST MANAGEMENT (IPM) SIRI 1,PERTANIAN,95
CCA0016,PENGENALAN KEPADA BIOSEKURITI TUMBUHAN SIRI 1,PERTANIAN,95
IIA0011,PENGURUSAN PEROSAK TANAMAN KELAPA,PERTANIAN,95
IIA0012,PENGELUARAN SAYURAN PENDEKATAN SECARA IPM,PERTANIAN,95
DDA0013,PENGENALAN KEPADA BIOSEKURITI TUMBUHAN ZON TIMUR,PERTANIAN,95
EEA0022,PENGENALAN BIOSEKURITI TUMBUHAN ZON SELATAN,PERTANIAN,95
EEA0029,MANDATORI AOD INTEGRATED PEST MANAGEMENT (IPM) SIRI 3,PERTANIAN,95
DDA0041,DIAGNOSTIK PEROSAK & PENYAKIT TANAMAN PADI,PERTANIAN,95
EEA0056,PENGENALAN KEPADA BIOSEKURITI TUMBUHAN,PERTANIAN,95
DDA0051,PENGURUSAN PEROSAK BERSEPADU (IPM),PERTANIAN,95
IIA0048,PENGENALAN KEPADA ANALISIS RISIKO PEROSAK DALAM SKOP BIOSEKURITI TUMBUHAN,PERTANIAN,95
AAA0017,PENGURUSAN PEROSAK BERSEPADU (PENDEKATAN & KOMPONEN KESULURUHAN IPM) (UPSKILLING-GS),PERTANIAN,95
DGA0006,PEMANTAPAN PERSAMPELAN KOMODITI PERTANIAN (UPSKILLING-PP),PERTANIAN,95
EEA0062,PENGURUSAN PEROSAK BERSEPADU (IPM),PERTANIAN,95
DDA0062,MANDATORI AOD PENGENALAN KEPADA BIOSEKURITI TUMBUHAN,PERTANIAN,95
EEA0008,APLIKASI TEKNOLOGI MODEN DALAM PENGURUSAN PERIHAL GUNA TANAH,PERTANIAN,96
IIA0005,TEKNOLOGI PENGHASILAN BAJA ORGANIK,PERTANIAN,96
DDA0010,MANDATORI AOD PENGURUSAN TANAH SIRI 1,PERTANIAN,96
DDA0025,PENGURUSAN TANAH BERCERUN UNTUK AKTIVITI PERTANIAN,PERTANIAN,96
DDA0017,MANDATORI AOD PENGURUSAN TANAH SIRI 2,PERTANIAN,96
EEA0019,PENENTUAN SIFAT FIZIK TANAH,PERTANIAN,96
DDA0036,PENGURUSAN TANAH SIRI 2,PERTANIAN,96
EEA0053,PENGURUSAN TANAH BERCERUN UNTUK AKTIVITI PERTANIAN,PERTANIAN,96
EEA0033,PENGURUSAN TANAH SIRI 1,PERTANIAN,96
DDA0043,INTERPRETASI KEPUTUSAN ANALISIS SAMPEL TANAH,PERTANIAN,96
AAA0014,MINEROLOGI BATUAN DAN GEOLOGI (UPSKILLING-PP),PERTANIAN,96
IAA0005,PROGRAM PENYELARASAN GERAN TANAH DENGAN MAKGEO (UPSKILLING-PP),PERTANIAN,96
AAA0008,GPS DAN PENYIASATAN TANAH SEPARA LENGKAP (UPSKILLING-PP),PERTANIAN,96
AAA0010,SISTEM KOORDINAT DI MALAYSIA (UPSKILLING-PP),PERTANIAN,96
EEA0080,PENGURUSAN TANAH SIRI 1,PERTANIAN,96
EEA0067,PENGURUSAN PERTANIAN DI TANAH GAMBUT,PERTANIAN,96
DDA0076,PEMBANGUNAN KOMPETENSI PENGURUSAN KESUBURAN TANAH,PERTANIAN,96
DDA0005,PERTOLONGAN CEMAS,KESELAMATAN,97
IIA0030,KESEDARAN KESELAMATAN PERLINDUNGAN,KESELAMATAN,97
DGA0007,PENGURUSAN PENGENDALIAN DAN PENYELENGGARAAN SENJATA BAGI PEGAWAI PENGUATKUASA (UPSKILLING-PP),KESELAMATAN,97
KCA0086,ADVANCED POWERPOINT FOR EPSA CONTENT DEVELOPMENT TRAINERS,ICT,99
CCA0020,MICROSOFT POWERPOINT (ADVANCE),ICT,99
KCA0113,BENGKEL PRA-SEMAKAN KANDUNGAN BAHAN E-PEMBELAJARAN SEKTOR AWAM (EPSA),ICT,99
KCA0120,PEMBANGUNAN BAHAN EPSA MENGGUNAKAN MS POWERPOINT,ICT,99
KCA0143,BENGKEL PEMBANGUNAN SOALAN PENILAIAN ISAC,ICT,99
FZA0001,"HEALTH, FITNESS AND HAPPINESS",KESIHATAN,100
EEA0084,KESEDARAN KEPENTINGAN KESIHATAN EMOSI DI TEMPAT KERJA DAN KEHIDUPAN SEHARIAN ZON SELATAN,KESIHATAN,100
DDA0075,KESEDARAN KEPENTINGAN KESIHATAN EMOSI DI TEMPAT KERJA & KEHIDUPAN HARIAN ZON TIMUR,KESIHATAN,100
KNA0013,PENGURUSAN HARTA INTELEK DAN PENGKOMESILAN,INOVASI DAN KREATIVITI,101
EEA0013,PERAKAUNAN TERIMAAN HASIL KERAJAAN,INOVASI DAN KREATIVITI,101
EEA0016,PEGAWAI PEMERIKSA ASET ALIH KERAJAAN,INOVASI DAN KREATIVITI,101
FZA0003,PENGURUSAN HARTA DAN PERANCANGAN PEWARISAN,PENGURUSAN,102
BZA0001,"EKOSISTEM KONDUSIF SEKTOR AWAM (EKSA) PRINSIP, PROSEDUR DAN AMALAN",PENGURUSAN,103
BZA0002,AUDIT DALAM EKOSISTEM KONDUSIF SEKTOR AWAM (EKSA),PENGURUSAN,103
SZA0030,PENGURUSAN RISIKO DALAM SEKTOR AWAM,PENGURUSAN,103
KAA0001,FAMILIARISASI EKOSISTEM KONDUSIF SEKTOR AWAM (EKSA),PENGURUSAN,103
EEA0052,TATACARA PENGURUSAN ASET HIDUP (TUMBUHAN),PENGURUSAN,103
EEA0054,TATACARA PELUPUSAN ASET ALIH DAN ASET TUMBUHAN,PENGURUSAN,103
CCA0031,TATACARA PENGURUSAN ASET TAK ALIH (TPATA),PENGURUSAN,103
BZA0071,"PROSPEK, CABARAN PEROLEHAN DAN PENGURUSAN TANAH PERSEKUTUAN DI SABAH (PROGRAM KHAS)",PENGURUSAN,103
BZA0076,PENGURUSAN TANAH PERSEKUTUAN DI NEGERI SABAH,PENGURUSAN,103
KNA0011,PENGURUSAN BENCANA,KESELAMATAN,104
KAA0002,KESELAMATAN DOKUMEN RASMI,PENGURUSAN,105
EEA0026,MPSAS PERAKAUNAN ASET,PENGURUSAN,105
WZA0067,"PENULISAN DOKUMEN RASMI KERAJAAN (SURAT RASMI, MEMO DAN E-MEL)",PENGURUSAN,105
BZA0066,"PENULISAN SURAT RASMI, MEMO, E-MEL DAN MINIT MESYUARAT KERAJAAN BERKUALITI",PENGURUSAN,105
DDA0027,TATACARA PENGURUSAN STOR KERAJAAN DAN PENGGUNAAN SISTEM MYSPS,PENGURUSAN,105
DDA0032,PEMERIKSAAN ASET ALIH KERAJAAN DAN PENGGUNAAN MODUL PEMERIKSAAN ASET ALIH SISTEM MYSPA,PENGURUSAN,105
EEA0036,PENULISAN DOKUMEN RASMI KERAJAAN,PENGURUSAN,105
CCA0028,PENGURUSAN ASET ALIH KERAJAAN MELALUI SISTEM MYSPA,PENGURUSAN,105
CCA0034,PENYEDIAAN SPESIFIKASI SEBUTHARGA/TENDER DAN PENYEDIAAN SURAT SETUJU TERIMA DAN DOKUMEN KONTRAK,PENGURUSAN,105
DDA0030,"PENGURUSAN FAIL, SURAT & REKOD RASMI KERAJAAN",PENGURUSAN,105
CCA0038,PERKHIDMATAN,PENGURUSAN,105
DDA0035,PENGURUSAN PEROLEHAN KERAJAAN,PENGURUSAN,105
DDA0055,TATACARA PENGURUSAN ASET HIDUP TUMBUHAN,PENGURUSAN,105
CCA0054,PEMERIKSAAN ASET ALIH KERAJAAN DAN PENGGUNAAN MODUL PEMERIKSAAN ASET ALIH SISTEM MYSPA,PENGURUSAN,105
CCA0055,PENDAFTARAN DAN PELUPUSAN ASET TAK ALIH KERAJAAN,PENGURUSAN,105
DDA0059,KESEDARAN KESELAMATAN PERLINDUNGAN (AKTA RAHSIA RASMI 1972),PENGURUSAN,105
UZA0051,BENGKEL AUDIT DALAMAN MS ISO 90012015,PENGURUSAN,106
KEA0022,BENGKEL PERSEDIAAN PENSIJILAN TAHAP 2 ANTI BRIBERY MANAGEMENT SYSTEM MS ISO 37001 2016,PENGURUSAN,106
KAA0017,PEMAHAMAN DAN PELAKSANAAN MS ISO 90012015,PENGURUSAN,106
KAA0018,FLOOR MANAGER (FM) DALAM PENGURUSAN MAJLIS INSTITUT TADBIRAN AWAM NEGARA,PENGURUSAN,106
KAA0021,ISO 90012015 PELAKSANAAN PENGURUSAN RISIKO,PENGURUSAN,106
KAA0022,ISO 90012015 AUDIT DALAMAN,PENGURUSAN,106
KEA0009,MINDA SEJAHTERA,PSIKOLOGI,107
KEA0003,PEMBANGUNAN MINDA BERETIKA,PSIKOLOGI,107
KEA0008,EMOTIONAL & SPIRITUAL INTELLIGENCE,PSIKOLOGI,107
TZA0044,EMOTIONAL SPIRITUAL INTELLIGENT,PSIKOLOGI,107
UZA0025,MINDA SEJAHTERA,PSIKOLOGI,107
FZA0004,PERSEDIAAN PSIKOLOGI UNTUK BAKAL PESARA,PSIKOLOGI,107
KEA0012,LITERASI KAUNSELING,PSIKOLOGI,107
KEA0015,PEMERKASAAN PSIKOLOGI DAN KEROHANIAN,PSIKOLOGI,107
KEA0019,PSYCHOLOGICAL FIRST AID,PSIKOLOGI,107
WZA0068,EMOTIONAL SPIRITUAL INTELLIGENCE,PSIKOLOGI,107
KEA0021,PERUNDANGAN DAN TEORI PSIKOLOGI,PSIKOLOGI,107
UZA0050,KENALI PERSONALITI PERKHIDMATAN BERKUALITI (DRY-RUN),PSIKOLOGI,107
BZA0077,KECERDASAN EMOSI DAN SPIRITUAL,PSIKOLOGI,107
KEA0025,KOMPETENSI PSIKOLOGI,PSIKOLOGI,107
DDA0048,OPERASI DAN PENYELENGGARAAN TELAGA TIUB,"SAINS, TEKNOLOGI DAN KEJURUTERAAN",109
DDA0038,PENYELENGGARAAN PAM AIR,"SAINS, TEKNOLOGI DAN KEJURUTERAAN",109
CCA0026,PENGENALAN TEKNOLOGI DRON UNTUK APLIKASI PENGAMBILAN DATA DAN PEMETAAN PERTANIAN,"SAINS, TEKNOLOGI DAN KEJURUTERAAN",109
KCB0032,INTERNET OF THINGS SPECIALIST CERTIFICATION,"SAINS, TEKNOLOGI DAN KEJURUTERAAN",109
KNA0006,"PROTOKOL, ETIKET SOSIAL DAN PENGURUSAN MAJLIS",KOMUNIKASI,113
WZA0040,"PROTOKOL, ETIKET SOSIAL DAN PENGURUSAN MAJLIS",KOMUNIKASI,113
UZA0010,"PROTOKOL, ETIKET SOSIAL DAN PENGURUSAN MAJLIS",KOMUNIKASI,113
WZA0035,KEMAHIRAN PENYAMBUT TETAMU DALAM MAJLIS RASMI KERAJAAN,KOMUNIKASI,113
WZA0029,TATACARA PENGACARAAN MAJLIS,KOMUNIKASI,113
SZA0006,"PROTOKOL, ETIKET SOSIAL DAN PENGURUSAN MAJLIS",KOMUNIKASI,113
KEA0010,PENYEDIAAN TEKS DAN BACAAN DOA,KOMUNIKASI,113
KEE1002,MODUL DPA PROTOKOL DALAM PENGURUSAN MAJLIS RASMI KERAJAAN,KOMUNIKASI,113
BZA0003,"PROTOKOL, ETIKET SOSIAL DAN PENGURUSAN MAJLIS",KOMUNIKASI,113
SZA0039,SANTUN MENGACARA MAJLIS,KOMUNIKASI,113
KAA0003,MASTER OF CEREMONIES,KOMUNIKASI,113
EEA0002,ETIKA DAN PROTOKOL,KOMUNIKASI,113
BZA0030,PENGURUSAN PELANGGAN,KOMUNIKASI,114
BZA0031,KECERDASAN MINDA PETUGAS BARISAN HADAPAN,KOMUNIKASI,114
TZA0061,ETIKET PROFESIONAL PERKHIDMATAN AWAM,KOMUNIKASI,114
EEA0071,KEMAHIRAN KOMUNIKASI PENGEMBANGAN BERKESAN,KOMUNIKASI,114
WZA0002,PENGUCAPAN AWAM,KOMUNIKASI,115
SZA0009,PENGUCAPAN AWAM,KOMUNIKASI,115
BZA0061,PEMBACAAN BERKESAN,KOMUNIKASI,115
IIA0027,PENGACARAAN & MODERATOR,KOMUNIKASI,115
ISA0003,TED TALK,KOMUNIKASI,115
ISA0004,JURUACARA PROFESIONAL,KOMUNIKASI,115
KNA0008,PERUNDINGAN BERKESAN,KOMUNIKASI,116
SZA0016,PERUNDINGAN BERKESAN,KOMUNIKASI,116
EEA0055,KOMUNIKASI BERKESAN ZON SELATAN,KOMUNIKASI,116
EEA0065,TEKNIK PERUNDINGAN YANG BERKESAN,KOMUNIKASI,116
ISA0017,KOMUNIKASI ORGANISASI,KOMUNIKASI,116
KCB0025,PENSIJILAN TAHAP PERTENGAHAN BDA - CERTIFIED PYTHON PROGRAMMER FOR DATA SCIENCE,ICT,117
KCB0024,PENSIJILAN TAHAP ASAS BDA - CERTIFIED DATA SCIENCE SPECIALIST,ICT,117
KCA0108,POWER BI ESSENTIALS,ICT,117
KCA0122,BUSINESS DATA ANALYTICS WITH EXCEL,ICT,117
KCA0123,BIG DATA ANALYTICS (INTERMEDIATE),ICT,117
KCA0125,TRAIN OF TRAINER BIG DATA ANALYTICS USING SPEEDMINER (INTERMEDIATE),ICT,117
KCA0130,MICROSOFT POWER BI DATA ANALYSIS PROFESSIONAL,ICT,117
KCA0135,PENGENALAN KEPADA KECERDASAN BUATAN (AI),ICT,117
KCB0026,ASAS PENGURUSAN KESELAMATAN MAKLUMAT ISMS ISO 27001 2022,ICT,119
UZA0062,PENGURUSAN KESELAMATAN MAKLUMAT ISMS ISO 27001 2022 KEPERLUAN BAHARU,ICT,119
BZA0069,ASAS KESELAMATAN SIBER,ICT,119
KCA0121,PEMANTAUAN KESELAMATAN MAKLUMAT (SIEM),ICT,119
CCA0046,SUNTINGAN VIDEOGRAFI DAN FOTOGRAFI MENGGUNAKAN TELEFON PINTAR,ICT,120
EEA0035,PENGURUSAN DAN PENGENDALIAN KRISIS DI MEDIA SOSIAL,ICT,120
DDA0052,ADVANCE EXCEL,ICT,120
BZA0056,INTERNET OF THINGS (TAHAP ASAS),ICT,120
BZA0073,REKABENTUK GRAFIK DAN PENYUNTINGAN FOTO (CANVA),ICT,120
DDA0068,PENGENALAN TEKNIK VIDEOGRAFI DAN SUNTINGAN VIDEO MENGGUNAKAN APLIKASI CAPCUT,ICT,120
EEA0085,KHIDMAT PENGEMBANGAN MELALUI APLIKASI TIKTOK,ICT,120
CCA0044,PENGENALAN KEPADA INDUSTRIAL REVOLUSION IR4.0 SEKTOR PERTANIAN,ICT,122
CCA0047,MOBILE JOURNALISM (MOJO) (FLEKSIBEL DAN PROFESSIONAL),ICT,125
CCA0073,THE POWER OF MICROSOFT EXCEL (ADVANCE),ICT,125
KFA0035,PENGENALAN KEPADA EKONOMI MAMPAN (PELAKSANA),EKONOMI,126
KFA0049,PENGENALAN KEPADA TADBIR URUS EKONOMI MAMPAN,EKONOMI,126
KFA0036,MATLAMAT PEMBANGUNAN MAMPAN (SDG) SIRI FOKUS INKLUSIVITI,EKONOMI,128
KFA0037,MATLAMAT PEMBANGUNAN MAMPAN (SDG) SIRI FOKUS KESEJAHTERAAN,EKONOMI,128
KPB0010,TADBIR URUS TERBAIK,DASAR,130
KEA0024,TOT MODUL LATIHAN MALAYSIA MADANI PERKHIDMATAN AWAM,DASAR,130
KAA0007,PENGENALAN KEPADA MPSAS,KEWANGAN,134
DDA0033,MPSAS PERAKAUNAN ASET,KEWANGAN,134
KXA0016,ASAS PENGENALAN KESELAMATAN DAN PERTAHANAN BAGI PENJAWAT AWAM,KESELAMATAN,135
KXA0017,LANJUTAN KESELAMATAN DAN PERTAHANAN BAGI PENJAWAT AWAM,KESELAMATAN,135
KCA0067,VIDEO EDITING,PENERBITAN,143
BZA0045,BENGKEL ASAS PENGENDALIAN DRONE & SUNTINGAN IMEJ VIDEO KREATIF,PENERBITAN,143
SZA0044,PENSTRIMAN VIDEO,PENERBITAN,143
UZA0054,BENGKEL SMARTPHONE VIDEOGRAFI,PENERBITAN,143
CCA0024,RAKAMAN DAN SUNTINGAN VIDEO,PENERBITAN,143
BZA0050,SUNTINGAN VIDEO - WONDERSHARE FILMORA,PENERBITAN,143
BZA0052,SMARTPHONE VIDEOGRAPHY & EDITING,PENERBITAN,143
KXE1002,MODUL DPA INTERNATIONAL RELATIONS AND SECURITY,HUBUNGAN ANTARABANGSA,147
BZA0005,MASTERING INNOVATION THROUGH DESIGN THINKING,INOVASI DAN KREATIVITI,148
KNA0005,DESIGN THINKING MASTERCLASS,INOVASI DAN KREATIVITI,148
UZA0030,BENGKEL FUTURES THINKING AND SCENARIO PLANNING (FTSP),INOVASI DAN KREATIVITI,148
UZA0012,PEMIKIRAN KREATIF,INOVASI DAN KREATIVITI,148
KNE1001,MODUL DPA KREATIVITI DAN INOVASI DALAM ORGANISASI,INOVASI DAN KREATIVITI,148
KAA0005,DESIGN THINKING FOR CREATIVE PROBLEM SOLVING,INOVASI DAN KREATIVITI,148
UZA0044,"EKOSISTEM KONDUSIF SEKTOR AWAM (EKSA) PRINSIP, PROSEDUR DAN AMALAN",INOVASI DAN KREATIVITI,148
UZA0013,GAMIFIKASI KREATIVITI DI TEMPAT KERJA,INOVASI DAN KREATIVITI,149
SZA0003,PEMIKIRAN KREATIF,INOVASI DAN KREATIVITI,149
KNA0002,PEMIKIRAN KREATIF,INOVASI DAN KREATIVITI,149
KAA0009,BENGKEL AUDIT DALAM EKOSISTEM KONDUSIF SEKTOR AWAM (EKSA),INOVASI DAN KREATIVITI,149
KAA0008,PEMBACAAN BERKESAN,PENGURUSAN,151
KAA0013,BENGKEL BIBLIOTERAPI BUKU DAN MEMBACA TERAPI JIWA MALAYSIA MADANI,PENGURUSAN,151
KAA0016,BENGKEL PERPUSTAKAAN KELUARGA,PENGURUSAN,151
HAA0001,STRATEGI PEMASARAN DIGITAL MELALUI COPYWRITING DAN STORYTELLING (UPSKILLING PP),INDUSTRI MAKANAN,152
HAA0003,UPSKILLING FACEBOOK ADS (UPSKILLING/PP),INDUSTRI MAKANAN,152
HAF1001,TEKNIKAL KEMAHIRAN PENGAJARAN SECARA DIGITAL (ASAS) (UPSKILLING/PP),INDUSTRI MAKANAN,152
HAA0015,UPSKILLING FACEBOOK ADS (ADVANCE) UNTUK USAHAWAN AGROMAKANAN (UPSKILLING /GS),INDUSTRI MAKANAN,152
HAA0014,PENINGKATAN PEMBEKALAN PEMBEKALAN HASIL KELUARAN PERTANIAN/PERTENAKAN BERKUALITI TINGGI - PENGENDALIAN PEMASARAN KOMIDITI (UPSKILLING/PP),INDUSTRI MAKANAN,152
CAA0005,PENGUKUHAN PEMATUHAN MYGAP (UPSKILLING-GS),PERIKANAN,153
CAA0012,TEKNOLOGI PEMBENIHAN IKAN SUNGAI TEMPATAN (UPSKILLING-GS),PERIKANAN,153
CAA0020,TEKNOLOGI PENGHASILAN MAKANAN HIDUP MOINA SECARA HYGENIK (UPSKILLING-GS),PERIKANAN,153
CAA0027,PEMINDAHAN TEKNOLOGI TERNAKAN IKAN SANGKAR DI DALAM KOLAM (UPSKILLING-GS),PERIKANAN,153
CAA0003,PEMINDAHAN TEKNOLOGI TERNAKAN IKAN BETA BIL. 1/2023 (UPSKILLING-GS),PERIKANAN,153
CAA0024,TEKNOLOGI PENTERNAKAN UDANG GALAH SECARA EFEKTIF (UPSKILLING-GS),PERIKANAN,153
CAA0025,PEMINDAHAN TEKNOLOGI PEMBENIHAN IKAN PATIN (UPSKILLING-GS),PERIKANAN,153
CAA0002,PEMINDAHAN TEKNOLOGI KULTUR DAN PROPAGASI KARANG (UPSKILLING-GS),PERIKANAN,153
CAA0031,TEKNIKAL KEMAHIRAN PEMBENIHAN IKAN MARIN (UPSKILLING-GS),PERIKANAN,153
CAA0032,PEMINDAHAN TEKNOLOGI PENYEDIAAN MAKANAN HIDUP MARIN (UPSKILLING-GS),PERIKANAN,153
CAA0033,ASUHAN IKAN MARIN MENGGUNAKAN SISTEM RAS (UPSKILLING-GS),PERIKANAN,153
CAA0028,PEMINDAHAN TEKNOLOGI TUMBUHAN AKUATIK DAN VIVARIUM (UPSKILLING-GS),PERIKANAN,153
CAA0026,TEKNOLOGI PENYEDIAAN MAKANAN TERNAKAN IKAN PERINGKAT LADANG (UPSKILLING-GS),PERIKANAN,153
CAA0013,PEMBENIHAN UDANG GALAH (UPSKILLING-GS),PERIKANAN,153
CAA0034,PEMINDAHAN TEKNOLOGI PEMBIAKAN IKAN PATIN (UPSKILLING-GS),PERIKANAN,153
MMA0007,PEMBENIHAN IKAN AIR TAWAR SIRI 1 - (TALENT POOL),PERIKANAN,153
MMA0008,PEMBENIHAN IKAN AIR TAWAR SIRI 3 - (TALENT POOL),PERIKANAN,153
MMA0006,PEMBENIHAN IKAN AIR TAWAR SIRI 2 - (TALENT POOL ),PERIKANAN,153
KAA0019,KEJURUTERAAN AKUAKULTUR - REKA BENTUK TEKNOLOGI SISTEM TERNAKAN AKUAKULTUR AIR TAWAR DAN MARIN (UPSKILLING PP),PERIKANAN,153
CAA0064,PEMINDAHAN TEKNOLOGI PEMBIAKAN IKAN KELAH (UPSKILLING-GS),PERIKANAN,153
CAA0063,PEMINDAHAN TEKNOLOGI TERNAKAN MAKANAN HIDUP AIR TAWAR HIGENIK UNTUK INDUSTRI HATCERI DAN AKUARIUM 2024 (UPSKILLING-GS),PERIKANAN,153
CAA0037,BASIC TRAINING (BT) SIRI 1/ 2023 (UPSKILLING-PP),PERIKANAN,154
CAA0001,BASIC TRAINING REFRESHER (BTR) PEMBANTU LAUT (UPSKILLING-PP),PERIKANAN,154
CAB0001,PENGAWETAN IKAN LUTSINAR (UPSKILLING-PP),PERIKANAN,155
CAA0044,MERISIK MERKURI KESEDARAN DAN KESELAMATAN DALAM MAKANAN LAUT (UPSKILLING-PP),PERIKANAN,155
CAA0045,ANALISIS PARASITOLOGI (PENGESANAN CACING NEMATOD ANISAKIS) (UPSKILLING-PP),PERIKANAN,155
CAA0046,PEMANTAUAN KUALITI AIR MENGGUNAKAN AKUATIK EKOTOKSIKOLOGI (UPSKILLING-PP),PERIKANAN,155
IIA0034,TEKNOLOGI RETORT,INDUSTRI MAKANAN,156
EEA0081,TEKNIK PEMPEROSESAN KOPI,INDUSTRI MAKANAN,156
DFA0003,TATACARA KUARANTIN HAIWAN (UPSKILLING - PP),VETERINAR,157
MMA0002,PENTERNAKAN AYAM KOMERSIAL SIRI 1 - (TALENT POOL),VETERINAR,157
EAA0017,PENGURUSAN PENTERNAKAN AYAM PEDAGING (UPSKILLING-GS),VETERINAR,157
EAA0021,LANJUTAN PENTERNAKAN ARNAB PEDAGING (UPSKILLING-GS),VETERINAR,157
EAA0026,LANJUTAN PENTERNAKAN AYAM BELANDA (UPSKILLING-GS),VETERINAR,157
EAA0022,ASAS PENGURUSAN LEMBU PEDAGING (UPSKILLING-PP),VETERINAR,157
KAA0010,IMPLEMENTASI HACCP (UPSKILLING PP),INDUSTRI MAKANAN,158
DDA0029,KESELAMATAN DAN KUALITI MAKANAN BERASASKAN PRODUK TANAMAN,INDUSTRI MAKANAN,158
KAA0020,PENGENDALIAN MAKANAN KE ARAH PENSIJILAN (UPSKILLING PP),INDUSTRI MAKANAN,158
HAA0012,PENINGKATAN PEMBEKALAN PEMBEKALAN HASIL KELUARAN PERTANIAN/PERTENAKAN BERKUALITI TINGGI MELALUI PENGENDALIAN LEPAS TUAI (UPSKILLING/PP),INDUSTRI MAKANAN,158
HAA0013,PENINGKATAN PEMBEKALAN PEMBEKALAN HASIL KELUARAN PERTANIAN/PERTENAKAN BERKUALITI TINGGI - PENGIRAAN KOS MARGIN (UPSKILLING/PP),INDUSTRI MAKANAN,158
EEA0063,PEMBIMBING MYGAP SKOP TANAMAN BUKAN MAKANAN (MYGAP.TBM),INDUSTRI MAKANAN,158
EEA0072,PEGAWAI AUDIT MYGAP SKOP TANAMAN BUKAN MAKANAN (MYGAP.TBM),INDUSTRI MAKANAN,158
EEA0075,PEMBIMBING MYORGANIC SUBSEKTOR TANAMAN MAKANAN,INDUSTRI MAKANAN,158
EAA0001,KAWALAN PENYAKIT DALAM TANAMAN FERTIGASI (UPSKILLING GS),VETERINAR,159
DFA0002,PENGENDALIAN HAIWAN YANG DIJANGKITI PENYAKIT DAN VIRUS YANG BERBAHAYA (UPSKILLING - PP),VETERINAR,159
EAC1001,LATIHAN PENGAMBILAN SAMPLE (UPSKILLING-PP),VETERINAR,159
DFA0004,PENGAMBILAN SAMPEL HAIWAN HIDUP BEDAH SIASAT KARKAS (UPSKILLING - PP),VETERINAR,159
EEA0059,PENGURUSAN GANGGUAN SEKSUAL DI TEMPAT KERJA,PSIKOLOGI,160
EEA0043,PENULISAN RENCANA DAN BERITA BERPENGARUH UNTUK JABATAN,PENERBITAN,161
CCA0061,PENULISAN LAPORAN & ARTIKEL,PENERBITAN,161
EAC1006,PENYELARASAN PERKHIDMATAN PENGEMBANGAN VETERINAR BAGI PENCAPAIAN INDEKS KEBANGSAAN DI LAPANGAN SIRI 1 (UPSKILLING-PP),VETERINAR,162
EAB0009,PARAMETER TEKNIKAL PENGELUARAN TERNAKAN (UPSKILLING-PP),VETERINAR,162
EAB0010,TOT AMK (ANALISIS MARGIN KASAR)-(UPSKILLING-PP),VETERINAR,162
EAC1002,PENYELESAIAN MASALAH DAN PENINGKATAN PERKHIDMATAN PENGEMBANGAN (UPSKILLING-PP),VETERINAR,162
EAC1007,PENYELARASAN PERKHIDMATAN PENGEMBANGAN VETERINAR BAGI PENCAPAIAN INDEKS KEBANGSAAN DI LAPANGAN SIRI 2 (UPSKILLING-PP),VETERINAR,162
EAA0002,PENGURUSAN TERNAKAN TENUSU SIRI 1 (UPSKILLING-PP),VETERINAR,163
EAB0012,LATIHAN PENGURUSAN SISA BUANGAN TERNAKAN (UPSKILLING-PP),VETERINAR,163
MMA0003,PENTERNAKAN AYAM KOMERSIAL SIRI 2- (TALENT POOL),VETERINAR,163
MMA0019,PENTERNAKAN AYAM KOMERSIAL SIRI 3 - (TALENT POOL),VETERINAR,163
MMA0020,PENTERNAKAN AYAM KOMERSIAL SIRI 4 - (TALENT POOL),VETERINAR,163
EAC1004,PENSIJILAN GVHP (GOOD VETERINARY HYGIENIC PRACTISES) DAN VHM (VETERINARY HEALTH MARK) SIRI 1 (UPSKILLING-PP),VETERINAR,164
EAA0020,"PROGRAM BERSEPADU PENGUKUHAN PEMAHAMAN AMALAN PERLADANGAN TERBAIK (GAHP) BERSAMA AUDITOR VETERINAR DILANTIK DAN PENGUSAHA PREMIS PERLADANGAN & PENDAFTARAN, PENSIJILAN & PENGEKSPORTAN SBW & LAT SISTEM BLOCKCHAIN MYWALET BIL. 1/24 (TERBUKA)",VETERINAR,164
EAA0024,SEMINAR SISTEM KUALITI PREMIS PERLADANGAN & PEMPROSESAN SARANG BURUNG WALET BG KEPERLUAN CHINA & LAT SIST BLOCKCHAIN MYWALET & PROGRAM BERSEPADU PENGUKUHAN GAHP BERSAMA AVD & PENGUSAHA LADANG (TERBUKA),VETERINAR,164
EAB0002,PEMERIKSAAN DAGING SIRI 1 (UPSKILLING-PP),VETERINAR,167
EAB0003,TEKNOLOGI PENYEMBELIHAN SIRI 1 (UPSKILLING-PP),VETERINAR,167
EAA0013,PEMERIKSAAN DAGING SIRI 2 (UPSKILLING-PP),VETERINAR,167
EAA0014,PEMERIKSAAN DAGING SIRI 3 (UPSKILLING-PP),VETERINAR,167
EAA0015,PEMERIKSAAN DAGING SIRI 4 (UPSKILLING-PP),VETERINAR,167
CAA0023,PENYELENGGARAAN ENJIN SANGKUT (SIRI 1) (UPSKILLING-GS),PERIKANAN,169
CAA0022,PEMBUATAN UNJAM TIRUAN (UPSKILLING-GS),PERIKANAN,169
CAA0017,TEKNOLOGI PENGENDALIAN PERIKANAN PANTAI DAN KESELAMATAN (UPSKILLING-GS),PERIKANAN,169
CAA0029,TEKNOLOGI PELAYARAN DAN PERALATAN NAVIGASI SIRI 1 (UPSKILLING-GS),PERIKANAN,169
CAA0038,"PERALATAN MENANGKAP IKAN TRADISIONAL (BUBU, PUKAT HANYUT & KAIL MENGAIL) (UPSKILLING-GS)",PERIKANAN,169
CAA0019,PEMINDAHAN TEKNOLOGI PEMPROSESAN PRODUK PERIKANAN BERASASKAN OTOSHIMI (SIRI 1) (UPSKILLING-GS),PERIKANAN,170
CAA0021,PEMINDAHAN TEKNOLOGI PEMPROSESAN PRODUK PERIKANAN BERASASKAN SURIMI (SIRI 1) (UPSKILLING-GS),PERIKANAN,170
CAA0054,PEMINDAHAN TEKNOLOGI PEMPROSESAN PRODUK PERIKANAN (SURIMI) UPSKILLING-GS),PERIKANAN,170
CAA0053,PEMINDAHAN TEKNOLOGI PEMPROSESAN PRODUK PERIKANAN (OTOSHIMI)(UPSKILLING-GS),PERIKANAN,170
DMA0001,PENGURUSAN PENYAKIT IKAN DAN KAWALAN BIOSEKURITI BAGI PREMIS IKAN (UPSKILLING PP),PERIKANAN,171
KAA0011,PENGENALAN BIOSEKURITI DAN APLIKASI DALAM SEKTOR AKUAKULTUR (UPSKILLING PP),PERIKANAN,171
KBA0028,ASAS BAHASA THAI (LISAN) UNTUK PEGAWAI BARISAN HADAPAN PERKHIDMATAN AWAM,BAHASA,172
KBA0027,ASAS BAHASA TAMIL (LISAN) UNTUK PEGAWAI BARISAN HADAPAN PERKHIDMATAN AWAM,BAHASA,173
IEA0001,REKA BENTUK STUDIO AKUSTIK UNTUK SIARAN,PENYIARAN,174
IEA0012,REKA BENTUK STUDIO AKUSTIK SIARAN,PENYIARAN,174
IEA0018,AUDIO TECHNOLOGIES FOR BROADCASTING COURSE,PENYIARAN,174
IEA0024,PENGOPERASIAN SISTEM LINE ARRAY,PENYIARAN,174
IEA0009,PENGOPERASIAN SISTEM SIARAYA,PENYIARAN,174
ISA0008,THE MAKING OF E-MAGAZINE,PENYIARAN,177
ICA0001,PRODUCTION MANAGER 2.0,PENYIARAN,178
ICA0006,PRODUCTION MANAGER 2.0,PENYIARAN,178
ICA0018,ANGER & STRESS MANAGMENT AT WORKPLACE FOR BROADCAST MANAGERS,PENYIARAN,178
IEA0006,PENGOPERASIAN PRODUKSI KAMERA BERBILANG SIARAN LUAR (STESEN NEGERI),PENYIARAN,180
IEA0013,PENYELIAAN PRODUKSI TEKNIKAL TV,PENYIARAN,180
IEA0023,PENGOPERASIAN SISTEM AUDIO PRODUKSI TV,PENYIARAN,180
IEA0014,PENGOPERASIAN PENGADUN VIDEO STUDIO,PENYIARAN,180
IEA0019,TEKNIK PENCAHAYAAN STUDIO (PERTENGAHAN),PENYIARAN,180
IEA0010,PENGOPERASIAN SISTEM VR/AR STUDIO TV,PENYIARAN,180
IEA0002,PENGENDALIAN STEADICAM PRODUKSI TV,PENYIARAN,180
IEA0004,PENGENDALIAN KREN KAMERA PRODUKSI TV,PENYIARAN,180
IEA0016,PENGENDALIAN SISTEM ISYARAT VANDA,PENYIARAN,180
IEA0008,TEKNOLOGI PENYIARAN TV,PENYIARAN,180
IEA0007,PENGENDALIAN PERALATAN UJIAN PEMANCAR,PENYIARAN,181
IEA0020,PENGOPERASIAN LIVE STREAMING VMIX,PENYIARAN,181
IEA0005,FUNDAMENTALS OF MEDIA NETWORK INFRASTRUCTURE COURSE,PENYIARAN,181
IEA0021,TEKNIK DAN KREATIVITI PRODUKSI DRONE,PENYIARAN,181
IEA0003,MOJO REMOTE PRODUCTION SYSTEM FOR NEWS,PENYIARAN,181
IEA0025,PEMATUHAN TEKNIKAL RANTAIAN PENYIARAN,PENYIARAN,181
ISA0002,PELAN KOMUNIKASI STRATEGIK,KOMUNIKASI,183
ISA0010,SERANGAN BERITA PALSU APA PERSEDIAAN KITA?,KOMUNIKASI,183
ICA0003,AI TECHNOLOGY FOR TV DESIGNING,PENYIARAN,184
ICA0007,IMEJ DAN FESYEN,PENYIARAN,184
ICA0022,ART DIRECTION,PENYIARAN,184
ICA0008,TRAIN THE PHOTOGRAPHER,PENYIARAN,185
ICA0025,ENHANCING NEWS WRITING & EDITING SKILLS ( ENGLISH),PENYIARAN,186
ICA0017,KANDUNGAN BERITA EFEKTIF ( EFFECTIVE NEWS CONTENT),PENYIARAN,186
ICA0009,MENGUASAI KANDUNGAN PSA & KAPSUL TV (MASTERING PSA & CAPSULE CONTENT FOR TV),PENYIARAN,187
ICA0002,PENERBITAN HIBURAN TV BERSEPADU SARAWAK,PENYIARAN,187
ICA0005,PEMBANGUNAN DAN PENGENDALIAN SIARAN RADIO BERVISUAL,PENYIARAN,188
CCA0072,KEMAHIRAN KOMUNIKASI PENGEMBANGAN BERKESAN ZON UTARA,KOMUNIKASI,189
ISA0006,PENGURUSAN MEDIA,KOMUNIKASI,189
ISA0013,NEW MEDIA COMMUNICATION,KOMUNIKASI,189
ISA0009,POWER POINT FOR PROFESSIONAL,KOMUNIKASI,190
